ensembl_gene_symbol	ensembl_gene_id	hgnc_id	ncbi_gene_id
A1CF	ENSG00000148584.15	HGNC:24086	29974
ACKR3	ENSG00000144476.6	HGNC:23692	57007
ACSL6	ENSG00000164398.15	HGNC:16496	23305
ACTG1	ENSG00000184009.13	HGNC:144	71
ADAM10	ENSG00000137845.15	HGNC:188	102
ADAM30	ENSG00000134249.7	HGNC:208	11085
ADAMTS12	ENSG00000151388.11	HGNC:14605	81792
ADHFE1	ENSG00000147576.17	HGNC:16354	137872
AGBL4	ENSG00000186094.18	HGNC:25892	84871
AGO1	ENSG00000092847.13	HGNC:3262	26523
AGO2	ENSG00000123908.12	HGNC:3263	27161
ALCAM	ENSG00000170017.12	HGNC:400	214
ALDH1A2	ENSG00000128918.15	HGNC:15472	8854
ALDH1L2	ENSG00000136010.14	HGNC:26777	160428
ALOX12	ENSG00000108839.12	HGNC:429	239
AMBRA1	ENSG00000110497.15	HGNC:25990	55626
ANK1	ENSG00000029534.21	HGNC:492	286
ANLN	ENSG00000011426.11	HGNC:14082	54443
APLNR	ENSG00000134817.12	HGNC:339	187
APOB	ENSG00000084674.15	HGNC:603	338
AREG	ENSG00000109321.11	HGNC:651	374
ARHGAP5	ENSG00000100852.14	HGNC:675	394
ARHGEF10	ENSG00000104728.16	HGNC:14103	9639
ARHGEF10L	ENSG00000074964.17	HGNC:25540	55160
ARHGEF28	ENSG00000214944.10	HGNC:30322	64283
ARID3A	ENSG00000116017.11	HGNC:3031	1820
ARID3B	ENSG00000179361.18	HGNC:14350	10620
ARID3C	ENSG00000205143.4	HGNC:21209	138715
ARID4A	ENSG00000032219.19	HGNC:9885	5926
ARID4B	ENSG00000054267.22	HGNC:15550	51742
ARID5A	ENSG00000196843.17	HGNC:17361	10865
ARNT	ENSG00000143437.21	HGNC:700	405
ASCL1	ENSG00000139352.4	HGNC:738	429
ASPM	ENSG00000066279.19	HGNC:19048	259266
ATG7	ENSG00000197548.13	HGNC:16935	10533
ATP1A1	ENSG00000163399.16	HGNC:799	476
ATP2B3	ENSG00000067842.18	HGNC:816	492
ATP6AP1	ENSG00000071553.18	HGNC:868	537
ATP6V1B2	ENSG00000147416.11	HGNC:854	526
ATRIP	ENSG00000164053.22	HGNC:33499	84126
ATXN2	ENSG00000204842.18	HGNC:10555	6311
ATXN7	ENSG00000163635.20	HGNC:10560	6314
BAALC	ENSG00000164929.17	HGNC:14333	79870
BABAM1	ENSG00000105393.16	HGNC:25008	29086
BACH2	ENSG00000112182.15	HGNC:14078	60468
BAZ1A	ENSG00000198604.11	HGNC:960	11177
BCL11A	ENSG00000119866.22	HGNC:13221	53335
BCL2L12	ENSG00000126453.10	HGNC:13787	83596
BCL3	ENSG00000069399.15	HGNC:998	602
BCL7A	ENSG00000110987.9	HGNC:1004	605
BCL9L	ENSG00000186174.13	HGNC:23688	283149
BCLAF1	ENSG00000029363.17	HGNC:16863	9774
BIRC6	ENSG00000115760.15	HGNC:13516	57448
BLK	ENSG00000136573.14	HGNC:1057	640
BMI1	ENSG00000168283.14	HGNC:1066	648
BMP5	ENSG00000112175.8	HGNC:1072	653
BMPR2	ENSG00000204217.16	HGNC:1078	659
BRD7	ENSG00000166164.16	HGNC:14310	29117
BRSK1	ENSG00000160469.17	HGNC:18994	84446
BTG2	ENSG00000159388.6	HGNC:1131	7832
C15orf65	ENSG00000261652.3	HGNC:44654	145788
C21orf91	ENSG00000154642.11	HGNC:16459	54149
CACNA1D	ENSG00000157388.20	HGNC:1391	776
CADM2	ENSG00000175161.14	HGNC:29849	253559
CARM1	ENSG00000142453.12	HGNC:23393	10498
CASP3	ENSG00000164305.19	HGNC:1504	836
CASP9	ENSG00000132906.18	HGNC:1511	842
CASZ1	ENSG00000130940.15	HGNC:26002	54897
CBLB	ENSG00000114423.23	HGNC:1542	868
CBLC	ENSG00000142273.13	HGNC:15961	23624
CCN2	ENSG00000118523.6	HGNC:2500	1490
CCNC	ENSG00000112237.13	HGNC:1581	892
CCNQ	ENSG00000262919.8	HGNC:28434	92002
CCR4	ENSG00000183813.7	HGNC:1605	1233
CCR7	ENSG00000126353.3	HGNC:1608	1236
CCSER1	ENSG00000184305.16	HGNC:29349	401145
CD209	ENSG00000090659.18	HGNC:1641	30835
CD22	ENSG00000012124.17	HGNC:1643	933
CD44	ENSG00000026508.21	HGNC:1681	960
CD58	ENSG00000116815.16	HGNC:1688	965
CD70	ENSG00000125726.11	HGNC:11937	970
CDC20	ENSG00000117399.14	HGNC:1723	991
CDC25A	ENSG00000164045.12	HGNC:1725	993
CDC25C	ENSG00000158402.21	HGNC:1727	995
CDC27	ENSG00000004897.12	HGNC:1728	996
CDC42	ENSG00000070831.17	HGNC:1736	998
CDH17	ENSG00000079112.10	HGNC:1756	1015
CDH2	ENSG00000170558.10	HGNC:1759	1000
CDH3	ENSG00000062038.15	HGNC:1762	1001
CDH4	ENSG00000179242.16	HGNC:1763	1002
CDK2	ENSG00000123374.11	HGNC:1771	1017
CDK5	ENSG00000164885.13	HGNC:1774	1020
CENPF	ENSG00000117724.14	HGNC:1857	1063
CEP43	ENSG00000213066.13	HGNC:17012	11116
CHD3	ENSG00000170004.18	HGNC:1918	1107
CHD5	ENSG00000116254.18	HGNC:16816	26038
CHST11	ENSG00000171310.11	HGNC:17422	50515
CHTF8	ENSG00000168802.14	HGNC:24353	54921
CLP1	ENSG00000172409.7	HGNC:16999	10978
CLTCL1	ENSG00000070371.16	HGNC:2093	8218
CMTR2	ENSG00000180917.18	HGNC:25635	55783
CNBD1	ENSG00000176571.12	HGNC:26663	168975
CNOT9	ENSG00000144580.14	HGNC:10445	9125
CNTNAP2	ENSG00000174469.23	HGNC:13830	26047
CNTRL	ENSG00000119397.19	HGNC:1858	11064
COL11A1	ENSG00000060718.22	HGNC:2186	1301
COL1A2	ENSG00000164692.19	HGNC:2198	1278
COL3A1	ENSG00000168542.16	HGNC:2201	1281
COL6A6	ENSG00000206384.11	HGNC:27023	131873
CPEB3	ENSG00000107864.15	HGNC:21746	22849
CRBN	ENSG00000113851.16	HGNC:30185	51185
CRNKL1	ENSG00000101343.15	HGNC:15762	51340
CRYBG1	ENSG00000112297.18	HGNC:356	202
CSDE1	ENSG00000009307.17	HGNC:29905	7812
CSF1	ENSG00000184371.14	HGNC:2432	1435
CSMD1	ENSG00000183117.20	HGNC:14026	64478
CSMD3	ENSG00000164796.18	HGNC:19291	114788
CSNK2A1	ENSG00000101266.19	HGNC:2457	1457
CSPG4	ENSG00000173546.7	HGNC:2466	1464
CTNNA2	ENSG00000066032.19	HGNC:2510	1496
CTNND1	ENSG00000198561.16	HGNC:2515	1500
CTNND2	ENSG00000169862.20	HGNC:2516	1501
CUL4A	ENSG00000139842.15	HGNC:2554	8451
CX3CL1	ENSG00000006210.7	HGNC:10647	6376
CYP19A1	ENSG00000137869.16	HGNC:2594	1588
CYP2C8	ENSG00000138115.15	HGNC:2622	1558
CYP2D6	ENSG00000100197.23	HGNC:2625	1565
CYP3A4	ENSG00000160868.16	HGNC:2637	1576
CYP3A5	ENSG00000106258.15	HGNC:2638	1577
DAB2	ENSG00000153071.15	HGNC:2662	1601
DACH1	ENSG00000276644.5	HGNC:2663	1602
DCAF12L2	ENSG00000198354.7	HGNC:32950	340578
DCC	ENSG00000187323.12	HGNC:2701	1630
DDX4	ENSG00000152670.19	HGNC:18700	54514
DDX6	ENSG00000110367.14	HGNC:2747	1656
DEPDC5	ENSG00000100150.20	HGNC:18423	9681
DGKA	ENSG00000065357.20	HGNC:2849	1606
DHX9	ENSG00000135829.17	HGNC:2750	1660
DIAPH2	ENSG00000147202.19	HGNC:2877	1730
DKK1	ENSG00000107984.10	HGNC:2891	22943
DKK2	ENSG00000155011.9	HGNC:2892	27123
DKK3	ENSG00000050165.19	HGNC:2893	27122
DKK4	ENSG00000104371.5	HGNC:2894	27121
DLC1	ENSG00000164741.15	HGNC:2897	10395
DLG2	ENSG00000150672.18	HGNC:2901	1740
DMD	ENSG00000198947.18	HGNC:2928	1756
DNM2	ENSG00000079805.19	HGNC:2974	1785
DOCK8	ENSG00000107099.18	HGNC:19191	81704
DRD5	ENSG00000169676.6	HGNC:3026	1816
DSP	ENSG00000096696.15	HGNC:3052	1832
DTX1	ENSG00000135144.8	HGNC:3060	1840
DUSP2	ENSG00000158050.5	HGNC:3068	1844
DYRK1A	ENSG00000157540.22	HGNC:3091	1859
E2F1	ENSG00000101412.13	HGNC:3113	1869
E2F2	ENSG00000007968.7	HGNC:3114	1870
ECSIT	ENSG00000130159.15	HGNC:29548	51295
ECT2L	ENSG00000203734.13	HGNC:21118	345930
EEF1A1	ENSG00000156508.19	HGNC:3189	1915
EEF2	ENSG00000167658.16	HGNC:3214	1938
EGF	ENSG00000138798.13	HGNC:3229	1950
EGR2	ENSG00000122877.18	HGNC:3239	1959
EGR3	ENSG00000179388.9	HGNC:3240	1960
EIF2B1	ENSG00000111361.13	HGNC:3257	1967
ELF4	ENSG00000102034.18	HGNC:3319	2000
ELMO1	ENSG00000155849.16	HGNC:16286	9844
ELN	ENSG00000049540.19	HGNC:3327	2006
EP400	ENSG00000183495.14	HGNC:11958	57634
EPHA1	ENSG00000146904.9	HGNC:3385	2041
EPHB4	ENSG00000196411.10	HGNC:3395	2050
EPHB6	ENSG00000106123.12	HGNC:3396	2051
ERF	ENSG00000105722.10	HGNC:3444	2077
ESCO2	ENSG00000171320.15	HGNC:27230	157570
ESR2	ENSG00000140009.19	HGNC:3468	2100
ESRRG	ENSG00000196482.18	HGNC:3474	2104
ETAA1	ENSG00000143971.9	HGNC:24648	54465
ETS2	ENSG00000157557.13	HGNC:3489	2114
EYA4	ENSG00000112319.20	HGNC:3522	2070
EYS	ENSG00000188107.15	HGNC:21555	346007
EZHIP	ENSG00000187690.4	HGNC:33738	340602
FAM135B	ENSG00000147724.12	HGNC:28029	51059
FAM47C	ENSG00000198173.5	HGNC:25301	442444
FAT2	ENSG00000086570.13	HGNC:3596	2196
FAT3	ENSG00000165323.16	HGNC:23112	120114
FAT4	ENSG00000196159.14	HGNC:23109	79633
FBLN1	ENSG00000077942.19	HGNC:3600	2192
FBLN2	ENSG00000163520.14	HGNC:3601	2199
FBXL17	ENSG00000145743.18	HGNC:13615	64839
FBXO11	ENSG00000138081.22	HGNC:13590	80204
FBXW2	ENSG00000119402.18	HGNC:13608	26190
FCGR2B	ENSG00000072694.22	HGNC:3618	2213
FCGR3A	ENSG00000203747.12	HGNC:3619	2214
FCRL4	ENSG00000163518.11	HGNC:18507	83417
FES	ENSG00000182511.12	HGNC:3657	2242
FKBP9	ENSG00000122642.11	HGNC:3725	11328
FLII	ENSG00000177731.16	HGNC:3750	2314
FLNA	ENSG00000196924.19	HGNC:3754	2316
FN1	ENSG00000115414.21	HGNC:3778	2335
FNBP1	ENSG00000187239.17	HGNC:17069	23048
FNTB	ENSG00000257365.8	HGNC:3785	2342
FOLH1	ENSG00000086205.18	HGNC:3788	2346
FOS	ENSG00000170345.10	HGNC:3796	2353
FOSL2	ENSG00000075426.12	HGNC:3798	2355
FOXE1	ENSG00000178919.9	HGNC:3806	2304
FOXF1	ENSG00000103241.7	HGNC:3809	2294
FOXM1	ENSG00000111206.13	HGNC:3818	2305
FOXN4	ENSG00000139445.18	HGNC:21399	121643
FOXP3	ENSG00000049768.17	HGNC:6106	50943
FOXQ1	ENSG00000164379.7	HGNC:20951	94234
FOXR1	ENSG00000176302.13	HGNC:29980	283150
FOXR2	ENSG00000189299.7	HGNC:30469	139628
FSTL1	ENSG00000163430.12	HGNC:3972	11167
FSTL3	ENSG00000070404.10	HGNC:3973	10272
FTO	ENSG00000140718.21	HGNC:24678	79068
FURIN	ENSG00000140564.13	HGNC:8568	5045
FZR1	ENSG00000105325.15	HGNC:24824	51343
G6PD	ENSG00000160211.19	HGNC:4057	2539
GAB1	ENSG00000109458.9	HGNC:4066	2549
GADD45A	ENSG00000116717.13	HGNC:4095	1647
GLI2	ENSG00000074047.22	HGNC:4318	2736
GLS2	ENSG00000135423.13	HGNC:29570	27165
GMDS	ENSG00000112699.11	HGNC:4369	2762
GNA12	ENSG00000146535.14	HGNC:4380	2768
GNAI2	ENSG00000114353.17	HGNC:4385	2771
GNB1	ENSG00000078369.18	HGNC:4396	2782
GPC5	ENSG00000179399.15	HGNC:4453	2262
GPRC5A	ENSG00000013588.9	HGNC:9836	9052
GRB2	ENSG00000177885.15	HGNC:4566	2885
GRHL2	ENSG00000083307.12	HGNC:2799	79977
GRIN2D	ENSG00000105464.4	HGNC:4588	2906
GRM1	ENSG00000152822.14	HGNC:4593	2911
GSTP1	ENSG00000084207.18	HGNC:4638	2950
H2AC11	ENSG00000196787.4	HGNC:4737	8969
H2AC16	ENSG00000276903.2	HGNC:4730	8332
H2AC17	ENSG00000278677.2	HGNC:4735	8336
H2AC6	ENSG00000180573.10	HGNC:4733	8334
H2BC11	ENSG00000124635.9	HGNC:4761	8970
H2BC12	ENSG00000197903.8	HGNC:13954	85236
H2BC17	ENSG00000274641.2	HGNC:4758	8348
H2BC4	ENSG00000180596.8	HGNC:4757	8347
H2BC8	ENSG00000273802.3	HGNC:4746	8339
H3-4	ENSG00000168148.4	HGNC:4778	8290
H3C1	ENSG00000275714.2	HGNC:4766	8350
H3C10	ENSG00000278828.2	HGNC:4775	8357
H3C11	ENSG00000275379.2	HGNC:4771	8354
H3C12	ENSG00000197153.5	HGNC:4774	8356
H3C13	ENSG00000183598.4	HGNC:25311	653604
H3C14	ENSG00000203811.2	HGNC:20503	126961
H3C15	ENSG00000203852.4	HGNC:20505	333932
H3C3	ENSG00000287080.2	HGNC:4768	8352
H3C4	ENSG00000197409.8	HGNC:4767	8351
H3C6	ENSG00000274750.3	HGNC:4769	8353
H3C7	ENSG00000277775.2	HGNC:4773	8968
H3C8	ENSG00000273983.2	HGNC:4772	8355
H3P6	ENSG00000235655.3	HGNC:42980	440926
H4C6	ENSG00000274618.2	HGNC:4783	8361
H4C9	ENSG00000276180.2	HGNC:4793	8294
HDAC1	ENSG00000116478.12	HGNC:4852	3065
HDAC2	ENSG00000196591.12	HGNC:4853	3066
HDAC4	ENSG00000068024.18	HGNC:14063	9759
HDAC6	ENSG00000094631.21	HGNC:14064	10013
HDAC7	ENSG00000061273.18	HGNC:14067	51564
HDAC9	ENSG00000048052.24	HGNC:14065	9734
HIPK2	ENSG00000064393.16	HGNC:14402	28996
HIRA	ENSG00000100084.14	HGNC:4916	7290
HMGN2P46	ENSG00000179362.14	HGNC:26817	283651
HOXA11	ENSG00000005073.6	HGNC:5101	3207
HOXA13	ENSG00000106031.9	HGNC:5102	3209
HOXC11	ENSG00000123388.4	HGNC:5123	3227
HOXC13	ENSG00000123364.5	HGNC:5125	3229
HOXD11	ENSG00000128713.14	HGNC:5134	3237
HOXD13	ENSG00000128714.6	HGNC:5136	3239
HSD17B2	ENSG00000086696.11	HGNC:5211	3294
HSP90AB1	ENSG00000096384.20	HGNC:5258	3326
HSP90B1	ENSG00000166598.16	HGNC:12028	7184
HSPG2	ENSG00000142798.20	HGNC:5273	3339
HTATIP2	ENSG00000109854.14	HGNC:16637	10553
ID1	ENSG00000125968.9	HGNC:5360	3397
IFNAR1	ENSG00000142166.13	HGNC:5432	3454
IGF2BP2	ENSG00000073792.16	HGNC:28867	10644
IGLL5	ENSG00000254709.8	HGNC:38476	100423062
IKBKB	ENSG00000104365.16	HGNC:5960	3551
IL1B	ENSG00000125538.12	HGNC:5992	3553
IL1RAPL1	ENSG00000169306.10	HGNC:5996	11141
IL2	ENSG00000109471.5	HGNC:6001	3558
IL21R	ENSG00000103522.16	HGNC:6006	50615
IL4R	ENSG00000077238.14	HGNC:6015	3566
IL6	ENSG00000136244.12	HGNC:6018	3569
IL6ST	ENSG00000134352.20	HGNC:6021	3572
IMMP2L	ENSG00000184903.10	HGNC:14598	83943
ING1	ENSG00000153487.13	HGNC:6062	3621
INPPL1	ENSG00000165458.15	HGNC:6080	3636
INTS6	ENSG00000102786.15	HGNC:14879	26512
IQGAP1	ENSG00000140575.13	HGNC:6110	8826
IRF1	ENSG00000125347.15	HGNC:6116	3659
IRS4	ENSG00000133124.12	HGNC:6128	8471
ISX	ENSG00000175329.13	HGNC:28084	91464
ITCH	ENSG00000078747.16	HGNC:13890	83737
ITGA9	ENSG00000144668.12	HGNC:6145	3680
ITGAV	ENSG00000138448.12	HGNC:6150	3685
ITPKB	ENSG00000143772.11	HGNC:6179	3707
JAG1	ENSG00000101384.12	HGNC:6188	182
JMJD4	ENSG00000081692.13	HGNC:25724	65094
KANSL1	ENSG00000120071.15	HGNC:24565	284058
KAT6B	ENSG00000156650.14	HGNC:17582	23522
KAT7	ENSG00000136504.13	HGNC:17016	11143
KBTBD4	ENSG00000123444.14	HGNC:23761	55709
KCNJ5	ENSG00000120457.12	HGNC:6266	3762
KDM5D	ENSG00000012817.16	HGNC:11115	8284
KDSR	ENSG00000119537.18	HGNC:4021	2531
KLF2	ENSG00000127528.6	HGNC:6347	10365
KLF3	ENSG00000109787.13	HGNC:16516	51274
KMT5A	ENSG00000183955.14	HGNC:29489	387893
KNL1	ENSG00000137812.21	HGNC:24054	57082
KNSTRN	ENSG00000128944.14	HGNC:30767	90417
KPNB1	ENSG00000108424.11	HGNC:6400	3837
KRT5	ENSG00000186081.12	HGNC:6442	3852
KRTAP5-5	ENSG00000185940.10	HGNC:23601	439915
KSR2	ENSG00000171435.14	HGNC:18610	283455
LARP4B	ENSG00000107929.16	HGNC:28987	23185
LCP1	ENSG00000136167.15	HGNC:6528	3936
LDB1	ENSG00000198728.11	HGNC:6532	8861
LEPROTL1	ENSG00000104660.19	HGNC:6555	23484
LGR5	ENSG00000139292.13	HGNC:4504	8549
LHFPL6	ENSG00000183722.9	HGNC:6586	10186
LIN28B	ENSG00000187772.8	HGNC:32207	389421
LINC00290	ENSG00000248197.1	HGNC:38515	728081
LINC01001	ENSG00000230724.9	HGNC:38540	100133161
LMBRD2	ENSG00000164187.7	HGNC:25287	92255
LPAR1	ENSG00000198121.15	HGNC:3166	1902
LRP5	ENSG00000162337.12	HGNC:6697	4041
LRP6	ENSG00000070018.9	HGNC:6698	4040
LRRN3	ENSG00000173114.13	HGNC:17200	54674
LSAMP	ENSG00000185565.12	HGNC:6705	4045
LTB	ENSG00000227507.3	HGNC:6711	4050
LTK	ENSG00000062524.16	HGNC:6721	4058
MACC1	ENSG00000183742.13	HGNC:30215	346389
MACF1	ENSG00000127603.32	HGNC:13664	23499
MACROD2	ENSG00000172264.18	HGNC:16126	140733
MAL2	ENSG00000147676.14	HGNC:13634	114569
MALAT1	ENSG00000251562.9	HGNC:29665	378938
MAP2K7	ENSG00000076984.18	HGNC:6847	5609
MAP3K21	ENSG00000143674.11	HGNC:29798	84451
MAP3K6	ENSG00000142733.17	HGNC:6858	9064
MAP3K7	ENSG00000135341.18	HGNC:6859	6885
MAP4K4	ENSG00000071054.17	HGNC:6866	9448
MAPKAP1	ENSG00000119487.17	HGNC:18752	79109
MARK2	ENSG00000072518.22	HGNC:3332	2011
MB21D2	ENSG00000180611.7	HGNC:30438	151963
MBD6	ENSG00000166987.15	HGNC:20445	114785
MCM5	ENSG00000100297.16	HGNC:6948	4174
MDS2	ENSG00000197880.10	HGNC:29633	259283
MED23	ENSG00000112282.18	HGNC:2372	9439
MEF2C	ENSG00000081189.16	HGNC:6996	4208
MEGF6	ENSG00000162591.16	HGNC:3232	1953
MEIS1	ENSG00000143995.20	HGNC:7000	4211
MERTK	ENSG00000153208.18	HGNC:7027	10461
MGAM	ENSG00000257335.8	HGNC:7043	8972
MGMT	ENSG00000170430.10	HGNC:7059	4255
MIDEAS	ENSG00000156030.14	HGNC:19853	91748
MIPOL1	ENSG00000151338.19	HGNC:21460	145282
MKI67	ENSG00000148773.14	HGNC:7107	4288
MMP2	ENSG00000087245.13	HGNC:7166	4313
MMP9	ENSG00000100985.7	HGNC:7176	4318
MOB3B	ENSG00000120162.10	HGNC:23825	79817
MPEG1	ENSG00000197629.6	HGNC:29619	219972
MS4A1	ENSG00000156738.18	HGNC:7315	931
MSI1	ENSG00000135097.7	HGNC:7330	4440
MSI2	ENSG00000153944.12	HGNC:18585	124540
MTCP1	ENSG00000214827.11	HGNC:7423	4515
MTHFR	ENSG00000177000.13	HGNC:7436	4524
MUC16	ENSG00000181143.15	HGNC:15582	94025
MUC17	ENSG00000169876.14	HGNC:16800	140453
MUC2	ENSG00000198788.9	HGNC:7512	4583
MUC4	ENSG00000145113.22	HGNC:7514	4585
MUC6	ENSG00000184956.16	HGNC:7517	4588
MYBL1	ENSG00000185697.17	HGNC:7547	4603
MYBL2	ENSG00000101057.16	HGNC:7548	4605
MYEOV	ENSG00000172927.9	HGNC:7563	26579
MYH9	ENSG00000100345.23	HGNC:7579	4627
N4BP2	ENSG00000078177.14	HGNC:29851	55728
NAALADL2	ENSG00000177694.16	HGNC:23219	254827
NACA	ENSG00000196531.14	HGNC:7629	4666
NADK	ENSG00000008130.15	HGNC:29831	65220
NBEA	ENSG00000172915.20	HGNC:7648	26960
NCAPG	ENSG00000109805.10	HGNC:24304	64151
NCSTN	ENSG00000162736.17	HGNC:17091	23385
NFE2	ENSG00000123405.14	HGNC:7780	4778
NFKB1	ENSG00000109320.13	HGNC:7794	4790
NIPBL	ENSG00000164190.19	HGNC:28862	25836
NR1H4	ENSG00000012504.15	HGNC:7967	9971
NR3C1	ENSG00000113580.15	HGNC:7978	2908
NR4A1	ENSG00000123358.20	HGNC:7980	3164
NRIP1	ENSG00000180530.11	HGNC:8001	8204
NT5E	ENSG00000135318.12	HGNC:8021	4907
NUF2	ENSG00000143228.13	HGNC:14621	83540
NUMA1	ENSG00000137497.19	HGNC:8059	4926
NUMB	ENSG00000133961.21	HGNC:8060	8650
NUP133	ENSG00000069248.12	HGNC:18016	55746
NXF1	ENSG00000162231.14	HGNC:8071	10482
OLIG2	ENSG00000205927.5	HGNC:9398	10215
ONECUT2	ENSG00000119547.6	HGNC:8139	9480
OPCML	ENSG00000183715.14	HGNC:8143	4978
OR11H1	ENSG00000130538.6	HGNC:15404	81061
OR4F21	ENSG00000176269.4	HGNC:19583	441308
OR4N2	ENSG00000176294.6	HGNC:14742	390429
PABPC1	ENSG00000070756.17	HGNC:8554	26986
PAFAH1B2	ENSG00000168092.14	HGNC:8575	5049
PARD3	ENSG00000148498.16	HGNC:16051	56288
PARD3B	ENSG00000116117.19	HGNC:14446	117583
PARD6G	ENSG00000178184.16	HGNC:16076	84552
PCNA	ENSG00000132646.11	HGNC:8729	5111
PDCD4	ENSG00000150593.18	HGNC:8763	27250
PDE4D	ENSG00000113448.20	HGNC:8783	5144
PDYN	ENSG00000101327.9	HGNC:8820	5173
PEG3	ENSG00000198300.14	HGNC:8826	5178
PER1	ENSG00000179094.16	HGNC:8845	5187
PER3	ENSG00000049246.15	HGNC:8847	8863
PGBD5	ENSG00000177614.11	HGNC:19405	79605
PHF19	ENSG00000119403.15	HGNC:24566	26147
PHLPP1	ENSG00000081913.14	HGNC:20610	23239
PHLPP2	ENSG00000040199.18	HGNC:29149	23035
PIK3R4	ENSG00000196455.8	HGNC:8982	30849
PIK3R5	ENSG00000141506.15	HGNC:30035	23533
PKHD1	ENSG00000170927.15	HGNC:9016	5314
PLCB4	ENSG00000101333.19	HGNC:9059	5332
PLCH2	ENSG00000149527.18	HGNC:29037	9651
PLK1	ENSG00000166851.15	HGNC:9077	5347
PLXNB2	ENSG00000196576.16	HGNC:9104	23654
POLG	ENSG00000140521.17	HGNC:9179	5428
POU2AF1	ENSG00000110777.12	HGNC:9211	5450
POU2F2	ENSG00000028277.22	HGNC:9213	5452
POU3F2	ENSG00000184486.10	HGNC:9215	5454
POU3F4	ENSG00000196767.9	HGNC:9217	5456
PPP1R15A	ENSG00000087074.8	HGNC:14375	23645
PPP2R3B	ENSG00000167393.18	HGNC:13417	28227
PPP4R2	ENSG00000163605.15	HGNC:18296	151987
PRDM14	ENSG00000147596.4	HGNC:14001	63978
PRDM2	ENSG00000116731.23	HGNC:9347	7799
PRKCB	ENSG00000166501.14	HGNC:9395	5579
PRKCD	ENSG00000163932.15	HGNC:9399	5580
PRKD1	ENSG00000184304.17	HGNC:9407	5587
PRKD2	ENSG00000105287.13	HGNC:17293	25865
PRLR	ENSG00000113494.17	HGNC:9446	5618
PROM1	ENSG00000007062.12	HGNC:9454	8842
PRPF40B	ENSG00000110844.14	HGNC:25031	25766
PRPF8	ENSG00000174231.17	HGNC:17340	10594
PRRX1	ENSG00000116132.12	HGNC:9142	5396
PSMB2	ENSG00000126067.12	HGNC:9539	5690
PTGS2	ENSG00000073756.13	HGNC:9605	5743
PTK2	ENSG00000169398.19	HGNC:9611	5747
PTK6	ENSG00000101213.7	HGNC:9617	5753
PTMA	ENSG00000187514.17	HGNC:9623	5757
PTP4A1	ENSG00000112245.13	HGNC:9634	7803
PTPA	ENSG00000119383.21	HGNC:9308	5524
PTPN1	ENSG00000196396.10	HGNC:9642	5770
PTPN14	ENSG00000152104.12	HGNC:9647	5784
PTPN2	ENSG00000175354.20	HGNC:9650	5771
PTPN6	ENSG00000111679.17	HGNC:9658	5777
PTPRB	ENSG00000127329.16	HGNC:9665	5787
PTPRC	ENSG00000081237.20	HGNC:9666	5788
PTPRN2	ENSG00000155093.19	HGNC:9677	5799
PTPRU	ENSG00000060656.20	HGNC:9683	10076
PTTG1	ENSG00000164611.13	HGNC:9690	9232
PUDP	ENSG00000130021.15	HGNC:16818	8226
PUM1	ENSG00000134644.16	HGNC:14957	9698
RABAC1	ENSG00000105404.11	HGNC:9794	10567
RAC2	ENSG00000128340.15	HGNC:9802	5880
RACGAP1	ENSG00000161800.13	HGNC:9804	29127
RAD17	ENSG00000152942.19	HGNC:9807	5884
RAD23B	ENSG00000119318.13	HGNC:9813	5887
RALGDS	ENSG00000160271.16	HGNC:9842	5900
RAPGEF1	ENSG00000107263.19	HGNC:4568	2889
RASA2	ENSG00000155903.14	HGNC:9872	5922
RASGRF1	ENSG00000058335.16	HGNC:9875	5923
RASGRF2	ENSG00000113319.13	HGNC:9876	5924
RB1CC1	ENSG00000023287.13	HGNC:15574	9821
RBBP6	ENSG00000122257.20	HGNC:9889	5930
RBM39	ENSG00000131051.24	HGNC:15923	9584
RELA	ENSG00000173039.20	HGNC:9955	5970
RELN	ENSG00000189056.15	HGNC:9957	5649
REV3L	ENSG00000009413.16	HGNC:9968	5980
RGPD3	ENSG00000153165.19	HGNC:32416	653489
RGS7	ENSG00000182901.18	HGNC:10003	6000
RHOB	ENSG00000143878.10	HGNC:668	388
RHOH	ENSG00000168421.13	HGNC:686	399
RHPN2	ENSG00000131941.8	HGNC:19974	85415
RIPK1	ENSG00000137275.16	HGNC:10019	8737
RMI2	ENSG00000175643.10	HGNC:28349	116028
RNASEH2A	ENSG00000104889.7	HGNC:18518	10535
RNASEH2B	ENSG00000136104.21	HGNC:25671	79621
RNF111	ENSG00000157450.16	HGNC:17384	54778
RNF213	ENSG00000173821.20	HGNC:14539	57674
ROBO1	ENSG00000169855.21	HGNC:10249	6091
ROBO2	ENSG00000185008.17	HGNC:10250	6092
ROCK2	ENSG00000134318.15	HGNC:10252	9475
RPL10	ENSG00000147403.18	HGNC:10298	6134
RPL22	ENSG00000116251.11	HGNC:10315	6146
RPS6KA3	ENSG00000177189.14	HGNC:10432	6197
RRAGC	ENSG00000116954.8	HGNC:19902	64121
RRAS	ENSG00000126458.4	HGNC:10447	6237
RRM1	ENSG00000167325.15	HGNC:10451	6240
RRM2	ENSG00000171848.16	HGNC:10452	6241
RSF1	ENSG00000048649.14	HGNC:18118	51773
RXRA	ENSG00000186350.12	HGNC:10477	6256
RYR1	ENSG00000196218.14	HGNC:10483	6261
S100A7	ENSG00000143556.9	HGNC:10497	6278
S100A8	ENSG00000143546.10	HGNC:10498	6279
SALL4	ENSG00000101115.13	HGNC:15924	57167
SAMHD1	ENSG00000101347.11	HGNC:15925	25939
SDCBP	ENSG00000137575.12	HGNC:10662	6386
SEMA5B	ENSG00000082684.16	HGNC:10737	54437
SEMG2	ENSG00000124157.7	HGNC:10743	6407
SERPINB3	ENSG00000057149.16	HGNC:10569	6317
SERPINB4	ENSG00000206073.11	HGNC:10570	6318
SESN1	ENSG00000080546.14	HGNC:21595	27244
SESN2	ENSG00000130766.5	HGNC:20746	83667
SESN3	ENSG00000149212.12	HGNC:23060	143686
SETD1A	ENSG00000099381.19	HGNC:29010	9739
SETD1B	ENSG00000139718.12	HGNC:29187	23067
SETD3	ENSG00000183576.13	HGNC:20493	84193
SETD4	ENSG00000185917.14	HGNC:1258	54093
SETD5	ENSG00000168137.20	HGNC:25566	55209
SETD6	ENSG00000103037.12	HGNC:26116	79918
SETD7	ENSG00000145391.14	HGNC:30412	80854
SETDB2	ENSG00000136169.17	HGNC:20263	83852
SF3B2	ENSG00000087365.16	HGNC:10769	10992
SFRP1	ENSG00000104332.12	HGNC:10776	6422
SFRP2	ENSG00000145423.5	HGNC:10777	6423
SFRP4	ENSG00000106483.12	HGNC:10778	6424
SGCZ	ENSG00000185053.14	HGNC:14075	137868
SHH	ENSG00000164690.8	HGNC:10848	6469
SHTN1	ENSG00000187164.20	HGNC:29319	57698
SIN3A	ENSG00000169375.16	HGNC:19353	25942
SIRPA	ENSG00000198053.12	HGNC:9662	140885
SIRT1	ENSG00000096717.12	HGNC:14929	23411
SIX2	ENSG00000170577.8	HGNC:10888	10736
SKI	ENSG00000157933.10	HGNC:10896	6497
SKP2	ENSG00000145604.17	HGNC:10901	6502
SLC6A3	ENSG00000142319.18	HGNC:11049	6531
SLC9A3R1	ENSG00000109062.12	HGNC:11075	9368
SLCO1B1	ENSG00000134538.3	HGNC:10959	10599
SMARCA1	ENSG00000102038.16	HGNC:11097	6594
SMG1	ENSG00000157106.18	HGNC:30045	23049
SMTNL2	ENSG00000188176.12	HGNC:24764	342527
SMYD3	ENSG00000185420.19	HGNC:15513	64754
SNX29	ENSG00000048471.14	HGNC:30542	92017
SOCS3	ENSG00000184557.4	HGNC:19391	9021
SOX21	ENSG00000125285.6	HGNC:11197	11166
SOX4	ENSG00000124766.7	HGNC:11200	6659
SP140	ENSG00000079263.19	HGNC:17133	11262
SPATA31A7	ENSG00000276040.4	HGNC:32007	26165
SPECC1	ENSG00000128487.19	HGNC:30615	92521
SPTAN1	ENSG00000197694.18	HGNC:11273	6709
SRSF1	ENSG00000136450.13	HGNC:10780	6426
SRSF3	ENSG00000112081.17	HGNC:10785	6428
STAG3	ENSG00000066923.18	HGNC:11356	10734
STAT2	ENSG00000170581.14	HGNC:11363	6773
STK19	ENSG00000204344.16	HGNC:11398	8859
STS	ENSG00000101846.9	HGNC:11425	412
SYNE1	ENSG00000131018.25	HGNC:17089	23345
SYNE2	ENSG00000054654.20	HGNC:17084	23224
SZT2	ENSG00000198198.17	HGNC:29040	23334
TACC3	ENSG00000013810.21	HGNC:11524	10460
TACSTD2	ENSG00000184292.7	HGNC:11530	4070
TAP1	ENSG00000168394.12	HGNC:43	6890
TBK1	ENSG00000183735.11	HGNC:11584	29110
TCF4	ENSG00000196628.20	HGNC:11634	6925
TEC	ENSG00000135605.13	HGNC:11719	7006
TEK	ENSG00000120156.22	HGNC:11724	7010
TENM1	ENSG00000009694.13	HGNC:8117	10178
TET3	ENSG00000187605.16	HGNC:28313	200424
TFAP4	ENSG00000090447.12	HGNC:11745	7023
TFPT	ENSG00000105619.14	HGNC:13630	29844
TG	ENSG00000042832.12	HGNC:11764	7038
TGFA	ENSG00000163235.16	HGNC:11765	7039
TGFBR3	ENSG00000069702.11	HGNC:11774	7049
TGIF1	ENSG00000177426.22	HGNC:11776	7050
THBS1	ENSG00000137801.11	HGNC:11785	7057
THBS2	ENSG00000186340.17	HGNC:11786	7058
TIGAR	ENSG00000078237.7	HGNC:1185	57103
TLE1	ENSG00000196781.16	HGNC:11837	7088
TLE2	ENSG00000065717.15	HGNC:11838	7089
TLE3	ENSG00000140332.18	HGNC:11839	7090
TLE4	ENSG00000106829.20	HGNC:11840	7091
TLL1	ENSG00000038295.8	HGNC:11843	7092
TLR4	ENSG00000136869.16	HGNC:11850	7099
TMEM30A	ENSG00000112697.17	HGNC:16667	55754
TMSB4X	ENSG00000205542.11	HGNC:11881	7114
TNC	ENSG00000041982.16	HGNC:5318	3371
TNF	ENSG00000232810.4	HGNC:11892	7124
TNFRSF17	ENSG00000048462.11	HGNC:11913	608
TNFRSF8	ENSG00000120949.15	HGNC:11923	943
TNFSF10	ENSG00000121858.11	HGNC:11925	8743
TNFSF13	ENSG00000161955.17	HGNC:11928	8741
TNS4	ENSG00000131746.13	HGNC:24352	84951
TONSL	ENSG00000160949.18	HGNC:7801	4796
TP53BP2	ENSG00000143514.17	HGNC:12000	7159
TP53INP1	ENSG00000164938.14	HGNC:18022	94241
TP73	ENSG00000078900.15	HGNC:12003	7161
TPMT	ENSG00000137364.5	HGNC:12014	7172
TPTE	ENSG00000274391.5	HGNC:12023	7179
TPX2	ENSG00000088325.16	HGNC:1249	22974
TRAF5	ENSG00000082512.15	HGNC:12035	7188
TRAF6	ENSG00000175104.15	HGNC:12036	7189
TRIB3	ENSG00000101255.12	HGNC:16228	57761
TRIM51	ENSG00000124900.12	HGNC:19023	84767
TRIO	ENSG00000038382.21	HGNC:12303	7204
TRIP11	ENSG00000100815.12	HGNC:12305	9321
TRPM1	ENSG00000134160.15	HGNC:7146	4308
TRRAP	ENSG00000196367.14	HGNC:12347	8295
TTK	ENSG00000112742.10	HGNC:12401	7272
TXNIP	ENSG00000265972.6	HGNC:16952	10628
TYMS	ENSG00000176890.16	HGNC:12441	7298
TYR	ENSG00000077498.9	HGNC:12442	7299
TYRP1	ENSG00000107165.13	HGNC:12450	7306
UBE2A	ENSG00000077721.16	HGNC:12472	7319
UBR5	ENSG00000104517.13	HGNC:16806	51366
UGT1A8	ENSG00000242366.4	HGNC:12540	54576
UPF1	ENSG00000005007.13	HGNC:9962	5976
USP22	ENSG00000124422.12	HGNC:12621	23326
USP28	ENSG00000048028.11	HGNC:12625	57646
USP32	ENSG00000170832.13	HGNC:19143	84669
USP44	ENSG00000136014.12	HGNC:20064	84101
USP7	ENSG00000187555.16	HGNC:12630	7874
USP8	ENSG00000138592.14	HGNC:12631	9101
VAV1	ENSG00000141968.8	HGNC:12657	7409
VAV2	ENSG00000160293.17	HGNC:12658	7410
WDCP	ENSG00000163026.12	HGNC:26157	80304
WEE1	ENSG00000166483.12	HGNC:12761	7465
WNK2	ENSG00000165238.17	HGNC:14542	65268
WNT2	ENSG00000105989.10	HGNC:12780	7472
WNT5A	ENSG00000114251.15	HGNC:12784	7474
WWC3	ENSG00000047644.20	HGNC:29237	55841
WWOX	ENSG00000186153.18	HGNC:12799	51741
WWP1	ENSG00000123124.14	HGNC:17004	11059
XBP1	ENSG00000100219.17	HGNC:12801	7494
XDH	ENSG00000158125.10	HGNC:12805	7498
XRCC1	ENSG00000073050.12	HGNC:12828	7515
XRCC5	ENSG00000079246.16	HGNC:12833	7520
ZBTB10	ENSG00000205189.12	HGNC:30953	65986
ZBTB20	ENSG00000181722.17	HGNC:13503	26137
ZBTB7B	ENSG00000160685.14	HGNC:18668	51043
ZEB2	ENSG00000169554.23	HGNC:14881	9839
ZFX	ENSG00000005889.16	HGNC:12869	7543
ZHX2	ENSG00000178764.8	HGNC:18513	22882
ZIM3	ENSG00000141946.1	HGNC:16366	114026
ZMIZ1	ENSG00000108175.19	HGNC:16493	57178
ZMYM3	ENSG00000147130.14	HGNC:13054	9203
ZNF331	ENSG00000130844.19	HGNC:15489	55422
ZNF429	ENSG00000197013.11	HGNC:20817	353088
ZNF479	ENSG00000185177.14	HGNC:23258	90827
ZNF521	ENSG00000198795.11	HGNC:24605	25925
NA	NA	HGNC:12252	6964
NA	NA	HGNC:12271	6965
