ensembl_gene_symbol	ensembl_gene_id	ensembl_transcript_id	hgnc_symbol	hgnc_id	refseq_gene_symbol	ncbi_gene_id	data_source
ABCB11	ENSG00000073734.10	ENST00000650372.1	ABCB11	HGNC:42	ABCB11	8647	cpsr
ABL1	ENSG00000097007.19	ENST00000318560.6	ABL1	HGNC:76	ABL1	25	cpsr
ABL2	ENSG00000143322.21	ENST00000502732.6	ABL2	HGNC:77	ABL2	27	cpsr
ABRAXAS1	ENSG00000163322.14	ENST00000321945.12	ABRAXAS1	HGNC:25829	ABRAXAS1	84142	cpsr
ACD	ENSG00000102977.17	ENST00000620761.6	ACD	HGNC:25070	ACD	65057	cpsr
ACTRT1	ENSG00000123165.9	ENST00000371124.5	ACTRT1	HGNC:24027	ACTRT1	139741	cpsr
ADM	ENSG00000148926.10	ENST00000278175.10	ADM	HGNC:259	ADM	133	cpsr
AIP	ENSG00000110711.11	ENST00000279146.8	AIP	HGNC:358	AIP	9049	cpsr
AKT1	ENSG00000142208.18	ENST00000649815.2	AKT1	HGNC:391	AKT1	207	cpsr
ALK	ENSG00000171094.18	ENST00000389048.8	ALK	HGNC:427	ALK	238	cpsr
AMER1	ENSG00000184675.11	ENST00000374869.8	AMER1	HGNC:26837	AMER1	139285	cpsr
ANKRD26	ENSG00000107890.17	ENST00000376087.5	ANKRD26	HGNC:29186	ANKRD26	22852	cpsr
APC	ENSG00000134982.17	ENST00000257430.9	APC	HGNC:583	APC	324	cpsr
APOBEC3B	ENSG00000179750.16	ENST00000333467.4	APOBEC3B	HGNC:17352	APOBEC3B	9582	cpsr
AR	ENSG00000169083.18	ENST00000374690.9	AR	HGNC:644	AR	367	cpsr
ARHGEF12	ENSG00000196914.9	ENST00000397843.7	ARHGEF12	HGNC:14193	ARHGEF12	23365	cpsr
ARID1A	ENSG00000117713.21	ENST00000324856.13	ARID1A	HGNC:11110	ARID1A	8289	cpsr
ARID2	ENSG00000189079.17	ENST00000334344.11	ARID2	HGNC:18037	ARID2	196528	cpsr
ARID5B	ENSG00000150347.17	ENST00000279873.12	ARID5B	HGNC:17362	ARID5B	84159	cpsr
ARMC5	ENSG00000140691.18	ENST00000268314.9	ARMC5	HGNC:25781	ARMC5	79798	cpsr
ASXL1	ENSG00000171456.21	ENST00000375687.10	ASXL1	HGNC:18318	ASXL1	171023	cpsr
ATM	ENSG00000149311.20	ENST00000675843.1	ATM	HGNC:795	ATM	472	cpsr
ATR	ENSG00000175054.16	ENST00000350721.9	ATR	HGNC:882	ATR	545	cpsr
ATRX	ENSG00000085224.23	ENST00000373344.11	ATRX	HGNC:886	ATRX	546	cpsr
AXIN1	ENSG00000103126.15	ENST00000262320.8	AXIN1	HGNC:903	AXIN1	8312	cpsr
AXIN2	ENSG00000168646.14	ENST00000307078.10	AXIN2	HGNC:904	AXIN2	8313	cpsr
BAP1	ENSG00000163930.10	ENST00000460680.6	BAP1	HGNC:950	BAP1	8314	cpsr
BARD1	ENSG00000138376.11	ENST00000260947.9	BARD1	HGNC:952	BARD1	580	cpsr
BCL10	ENSG00000142867.14	ENST00000648566.1	BCL10	HGNC:989	BCL10	8915	cpsr
BCR	ENSG00000186716.21	ENST00000305877.13	BCR	HGNC:1014	BCR	613	cpsr
BLM	ENSG00000197299.13	ENST00000355112.8	BLM	HGNC:1058	BLM	641	cpsr
BMPR1A	ENSG00000107779.14	ENST00000372037.8	BMPR1A	HGNC:1076	BMPR1A	657	cpsr
BRAF	ENSG00000157764.14	ENST00000644969.2	BRAF	HGNC:1097	BRAF	673	cpsr
BRCA1	ENSG00000012048.23	ENST00000357654.9	BRCA1	HGNC:1100	BRCA1	672	cpsr
BRCA2	ENSG00000139618.17	ENST00000380152.8	BRCA2	HGNC:1101	BRCA2	675	cpsr
BRIP1	ENSG00000136492.10	ENST00000259008.7	BRIP1	HGNC:20473	BRIP1	83990	cpsr
BTK	ENSG00000010671.17	ENST00000308731.8	BTK	HGNC:1133	BTK	695	cpsr
BUB1	ENSG00000169679.15	ENST00000302759.11	BUB1	HGNC:1148	BUB1	699	cpsr
BUB1B	ENSG00000156970.13	ENST00000287598.11	BUB1B	HGNC:1149	BUB1B	701	cpsr
BUB3	ENSG00000154473.18	ENST00000368865.9	BUB3	HGNC:1151	BUB3	9184	cpsr
CAMTA1	ENSG00000171735.19	ENST00000303635.12	CAMTA1	HGNC:18806	CAMTA1	23261	cpsr
CASP8	ENSG00000064012.23	ENST00000673742.1	CASP8	HGNC:1509	CASP8	841	cpsr
CASR	ENSG00000036828.17	ENST00000639785.2	CASR	HGNC:1514	CASR	846	cpsr
CBFA2T3	ENSG00000129993.15	ENST00000268679.9	CBFA2T3	HGNC:1537	CBFA2T3	863	cpsr
CBL	ENSG00000110395.7	ENST00000264033.6	CBL	HGNC:1541	CBL	867	cpsr
CDC73	ENSG00000134371.14	ENST00000367435.5	CDC73	HGNC:16783	CDC73	79577	cpsr
CDH1	ENSG00000039068.20	ENST00000261769.10	CDH1	HGNC:1748	CDH1	999	cpsr
CDH10	ENSG00000040731.10	ENST00000264463.8	CDH10	HGNC:1749	CDH10	1008	cpsr
CDH11	ENSG00000140937.14	ENST00000268603.9	CDH11	HGNC:1750	CDH11	1009	cpsr
CDK4	ENSG00000135446.17	ENST00000257904.11	CDK4	HGNC:1773	CDK4	1019	cpsr
CDKN1A	ENSG00000124762.14	ENST00000244741.10	CDKN1A	HGNC:1784	CDKN1A	1026	cpsr
CDKN1B	ENSG00000111276.12	ENST00000228872.9	CDKN1B	HGNC:1785	CDKN1B	1027	cpsr
CDKN1C	ENSG00000129757.15	ENST00000440480.8	CDKN1C	HGNC:1786	CDKN1C	1028	cpsr
CDKN2A	ENSG00000147889.18	ENST00000304494.10	CDKN2A	HGNC:1787	CDKN2A	1029	cpsr
CDKN2B	ENSG00000147883.12	ENST00000276925.7	CDKN2B	HGNC:1788	CDKN2B	1030	cpsr
CDKN2C	ENSG00000123080.12	ENST00000371761.4	CDKN2C	HGNC:1789	CDKN2C	1031	cpsr
CEBPA	ENSG00000245848.3	ENST00000498907.3	CEBPA	HGNC:1833	CEBPA	1050	cpsr
CEBPE	ENSG00000092067.6	ENST00000206513.6	CEBPE	HGNC:1836	CEBPE	1053	cpsr
CENPJ	ENSG00000151849.16	ENST00000381884.9	CENPJ	HGNC:17272	CENPJ	55835	cpsr
CEP57	ENSG00000166037.11	ENST00000325542.10	CEP57	HGNC:30794	CEP57	9702	cpsr
CHEK1	ENSG00000149554.14	ENST00000438015.7	CHEK1	HGNC:1925	CHEK1	1111	cpsr
CHEK2	ENSG00000183765.23	ENST00000404276.6	CHEK2	HGNC:16627	CHEK2	11200	cpsr
CIB1	ENSG00000185043.12	ENST00000328649.11	CIB1	HGNC:16920	CIB1	10519	cpsr
COL7A1	ENSG00000114270.18	ENST00000681320.1	COL7A1	HGNC:2214	COL7A1	1294	cpsr
CREBBP	ENSG00000005339.15	ENST00000262367.10	CREBBP	HGNC:2348	CREBBP	1387	cpsr
CSF3R	ENSG00000119535.18	ENST00000373106.6	CSF3R	HGNC:2439	CSF3R	1441	cpsr
CTC1	ENSG00000178971.16	ENST00000651323.1	CTC1	HGNC:26169	CTC1	80169	cpsr
CTNNA1	ENSG00000044115.21	ENST00000302763.12	CTNNA1	HGNC:2509	CTNNA1	1495	cpsr
CTNNB1	ENSG00000168036.18	ENST00000349496.11	CTNNB1	HGNC:2514	CTNNB1	1499	cpsr
CTR9	ENSG00000198730.9	ENST00000361367.7	CTR9	HGNC:16850	CTR9	9646	cpsr
CTRC	ENSG00000162438.12	ENST00000375949.5	CTRC	HGNC:2523	CTRC	11330	cpsr
CXCR4	ENSG00000121966.7	ENST00000241393.4	CXCR4	HGNC:2561	CXCR4	7852	cpsr
CYLD	ENSG00000083799.18	ENST00000427738.8	CYLD	HGNC:2584	CYLD	1540	cpsr
DDB2	ENSG00000134574.12	ENST00000256996.9	DDB2	HGNC:2718	DDB2	1643	cpsr
DDX11	ENSG00000013573.17	ENST00000542838.6	DDX11	HGNC:2736	DDX11	1663	cpsr
DDX41	ENSG00000183258.12	ENST00000330503.12	DDX41	HGNC:18674	DDX41	51428	cpsr
DGCR8	ENSG00000128191.16	ENST00000351989.8	DGCR8	HGNC:2847	DGCR8	54487	cpsr
DHCR7	ENSG00000172893.18	ENST00000355527.8	DHCR7	HGNC:2860	DHCR7	1717	cpsr
DICER1	ENSG00000100697.15	ENST00000343455.8	DICER1	HGNC:17098	DICER1	23405	cpsr
DIRAS3	ENSG00000162595.8	ENST00000646789.1	DIRAS3	HGNC:687	DIRAS3	9077	cpsr
DIS3	ENSG00000083520.15	ENST00000377767.9	DIS3	HGNC:20604	DIS3	22894	cpsr
DIS3L	ENSG00000166938.13	ENST00000319212.9	DIS3L	HGNC:28698	DIS3L	115752	cpsr
DIS3L2	ENSG00000144535.20	ENST00000325385.12	DIS3L2	HGNC:28648	DIS3L2	129563	cpsr
DKC1	ENSG00000130826.18	ENST00000369550.10	DKC1	HGNC:2890	DKC1	1736	cpsr
DNAJC21	ENSG00000168724.17	ENST00000648817.1	DNAJC21	HGNC:27030	DNAJC21	134218	cpsr
DOCK8	ENSG00000107099.18	ENST00000432829.7	DOCK8	HGNC:19191	DOCK8	81704	cpsr
DROSHA	ENSG00000113360.17	ENST00000344624.8	DROSHA	HGNC:17904	DROSHA	29102	cpsr
DTX3L	ENSG00000163840.10	ENST00000296161.9	DTX3L	HGNC:30323	DTX3L	151636	cpsr
EGFR	ENSG00000146648.20	ENST00000275493.7	EGFR	HGNC:3236	EGFR	1956	cpsr
ELAC2	ENSG00000006744.19	ENST00000338034.9	ELAC2	HGNC:14198	ELAC2	60528	cpsr
ELANE	ENSG00000197561.7	ENST00000263621.2	ELANE	HGNC:3309	ELANE	1991	cpsr
ELP1	ENSG00000070061.16	ENST00000374647.10	ELP1	HGNC:5959	ELP1	8518	cpsr
ENG	ENSG00000106991.14	ENST00000373203.9	ENG	HGNC:3349	ENG	2022	cpsr
EP300	ENSG00000100393.14	ENST00000263253.9	EP300	HGNC:3373	EP300	2033	cpsr
EPAS1	ENSG00000116016.14	ENST00000263734.5	EPAS1	HGNC:3374	EPAS1	2034	cpsr
EPCAM	ENSG00000119888.11	ENST00000263735.9	EPCAM	HGNC:11529	EPCAM	4072	cpsr
ERBB2	ENSG00000141736.14	ENST00000269571.10	ERBB2	HGNC:3430	ERBB2	2064	cpsr
ERBB4	ENSG00000178568.15	ENST00000342788.9	ERBB4	HGNC:3432	ERBB4	2066	cpsr
ERCC1	ENSG00000012061.16	ENST00000300853.8	ERCC1	HGNC:3433	ERCC1	2067	cpsr
ERCC2	ENSG00000104884.17	ENST00000391945.10	ERCC2	HGNC:3434	ERCC2	2068	cpsr
ERCC3	ENSG00000163161.14	ENST00000285398.7	ERCC3	HGNC:3435	ERCC3	2071	cpsr
ERCC4	ENSG00000175595.16	ENST00000311895.8	ERCC4	HGNC:3436	ERCC4	2072	cpsr
ERCC5	ENSG00000134899.24	ENST00000652225.2	ERCC5	HGNC:3437	ERCC5	2073	cpsr
ERCC6	ENSG00000225830.16	ENST00000355832.10	ERCC6	HGNC:3438	ERCC6	2074	cpsr
ERG	ENSG00000157554.20	ENST00000288319.12	ERG	HGNC:3446	ERG	2078	cpsr
ESR1	ENSG00000091831.25	ENST00000206249.8	ESR1	HGNC:3467	ESR1	2099	cpsr
ETV6	ENSG00000139083.11	ENST00000396373.9	ETV6	HGNC:3495	ETV6	2120	cpsr
EXO1	ENSG00000174371.17	ENST00000366548.8	EXO1	HGNC:3511	EXO1	9156	cpsr
EXT1	ENSG00000182197.13	ENST00000378204.7	EXT1	HGNC:3512	EXT1	2131	cpsr
EXT2	ENSG00000151348.16	ENST00000533608.7	EXT2	HGNC:3513	EXT2	2132	cpsr
EZH2	ENSG00000106462.12	ENST00000320356.7	EZH2	HGNC:3527	EZH2	2146	cpsr
FAH	ENSG00000103876.14	ENST00000561421.6	FAH	HGNC:3579	FAH	2184	cpsr
FAN1	ENSG00000198690.10	ENST00000362065.9	FAN1	HGNC:29170	FAN1	22909	cpsr
FANCA	ENSG00000187741.15	ENST00000389301.8	FANCA	HGNC:3582	FANCA	2175	cpsr
FANCB	ENSG00000181544.15	ENST00000650831.1	FANCB	HGNC:3583	FANCB	2187	cpsr
FANCC	ENSG00000158169.13	ENST00000289081.8	FANCC	HGNC:3584	FANCC	2176	cpsr
FANCD2	ENSG00000144554.13	ENST00000675286.1	FANCD2	HGNC:3585	FANCD2	2177	cpsr
FANCE	ENSG00000112039.5	ENST00000229769.3	FANCE	HGNC:3586	FANCE	2178	cpsr
FANCF	ENSG00000183161.6	ENST00000327470.6	FANCF	HGNC:3587	FANCF	2188	cpsr
FANCG	ENSG00000221829.10	ENST00000378643.8	FANCG	HGNC:3588	FANCG	2189	cpsr
FANCI	ENSG00000140525.19	ENST00000310775.12	FANCI	HGNC:25568	FANCI	55215	cpsr
FANCL	ENSG00000115392.12	ENST00000233741.9	FANCL	HGNC:20748	FANCL	55120	cpsr
FANCM	ENSG00000187790.11	ENST00000267430.10	FANCM	HGNC:23168	FANCM	57697	cpsr
FAS	ENSG00000026103.23	ENST00000652046.1	FAS	HGNC:11920	FAS	355	cpsr
FAT1	ENSG00000083857.15	ENST00000441802.7	FAT1	HGNC:3595	FAT1	2195	cpsr
FBXW7	ENSG00000109670.16	ENST00000281708.10	FBXW7	HGNC:16712	FBXW7	55294	cpsr
FEN1	ENSG00000168496.4	ENST00000305885.3	FEN1	HGNC:3650	FEN1	2237	cpsr
FGF23	ENSG00000118972.3	ENST00000237837.2	FGF23	HGNC:3680	FGF23	8074	cpsr
FGFR1	ENSG00000077782.22	ENST00000447712.7	FGFR1	HGNC:3688	FGFR1	2260	cpsr
FGFR2	ENSG00000066468.24	ENST00000358487.10	FGFR2	HGNC:3689	FGFR2	2263	cpsr
FGFR3	ENSG00000068078.20	ENST00000440486.8	FGFR3	HGNC:3690	FGFR3	2261	cpsr
FH	ENSG00000091483.8	ENST00000366560.4	FH	HGNC:3700	FH	2271	cpsr
FHIT	ENSG00000189283.10	ENST00000492590.6	FHIT	HGNC:3701	FHIT	2272	cpsr
FLCN	ENSG00000154803.13	ENST00000285071.9	FLCN	HGNC:27310	FLCN	201163	cpsr
FLT3	ENSG00000122025.15	ENST00000241453.12	FLT3	HGNC:3765	FLT3	2322	cpsr
FMR1	ENSG00000102081.16	ENST00000370475.9	FMR1	HGNC:3775	FMR1	2332	cpsr
FOXE1	ENSG00000178919.9	ENST00000375123.5	FOXE1	HGNC:3806	FOXE1	2304	cpsr
FOXO1	ENSG00000150907.10	ENST00000379561.6	FOXO1	HGNC:3819	FOXO1	2308	cpsr
FOXO3	ENSG00000118689.15	ENST00000406360.2	FOXO3	HGNC:3821	FOXO3	2309	cpsr
FOXO4	ENSG00000184481.17	ENST00000374259.8	FOXO4	HGNC:7139	FOXO4	4303	cpsr
FOXP1	ENSG00000114861.24	ENST00000649528.3	FOXP1	HGNC:3823	FOXP1	27086	cpsr
G6PC1	ENSG00000131482.10	ENST00000253801.7	G6PC1	HGNC:4056	G6PC1	2538	cpsr
GALNT12	ENSG00000119514.7	ENST00000375011.4	GALNT12	HGNC:19877	GALNT12	79695	cpsr
GALNT3	ENSG00000115339.14	ENST00000392701.8	GALNT3	HGNC:4125	GALNT3	2591	cpsr
GATA1	ENSG00000102145.15	ENST00000376670.9	GATA1	HGNC:4170	GATA1	2623	cpsr
GATA2	ENSG00000179348.12	ENST00000341105.7	GATA2	HGNC:4171	GATA2	2624	cpsr
GATA3	ENSG00000107485.18	ENST00000379328.9	GATA3	HGNC:4172	GATA3	2625	cpsr
GDNF	ENSG00000168621.15	ENST00000326524.7	GDNF	HGNC:4232	GDNF	2668	cpsr
GJB2	ENSG00000165474.8	ENST00000382848.5	GJB2	HGNC:4284	GJB2	2706	cpsr
GLA	ENSG00000102393.14	ENST00000218516.4	GLA	HGNC:4296	GLA	2717	cpsr
GLI3	ENSG00000106571.15	ENST00000395925.8	GLI3	HGNC:4319	GLI3	2737	cpsr
GNAS	ENSG00000087460.29	ENST00000371085.8	GNAS	HGNC:4392	GNAS	2778	cpsr
GPC3	ENSG00000147257.16	ENST00000370818.8	GPC3	HGNC:4451	GPC3	2719	cpsr
GPC4	ENSG00000076716.9	ENST00000370828.4	GPC4	HGNC:4452	GPC4	2239	cpsr
GPR161	ENSG00000143147.15	ENST00000682931.1	GPR161	HGNC:23694	GPR161	23432	cpsr
GREM1	ENSG00000166923.12	ENST00000651154.1	GREM1	HGNC:2001	GREM1	26585	cpsr
H19	ENSG00000130600.20	ENST00000428066.7	H19	HGNC:4713	H19	283120	cpsr
HABP2	ENSG00000148702.15	ENST00000351270.4	HABP2	HGNC:4798	HABP2	3026	cpsr
HAX1	ENSG00000143575.15	ENST00000328703.12	HAX1	HGNC:16915	HAX1	10456	cpsr
HFE	ENSG00000010704.19	ENST00000357618.10	HFE	HGNC:4886	HFE	3077	cpsr
HMBS	ENSG00000256269.11	ENST00000652429.1	HMBS	HGNC:4982	HMBS	3145	cpsr
HNF1A	ENSG00000135100.19	ENST00000257555.11	HNF1A	HGNC:11621	HNF1A	6927	cpsr
HNF1B	ENSG00000275410.6	ENST00000617811.5	HNF1B	HGNC:11630	HNF1B	6928	cpsr
HOXB13	ENSG00000159184.8	ENST00000290295.8	HOXB13	HGNC:5112	HOXB13	10481	cpsr
HRAS	ENSG00000174775.18	ENST00000311189.8	HRAS	HGNC:5173	HRAS	3265	cpsr
IDH1	ENSG00000138413.14	ENST00000345146.7	IDH1	HGNC:5382	IDH1	3417	cpsr
IGF2	ENSG00000167244.21	ENST00000416167.7	IGF2	HGNC:5466	IGF2	3481	cpsr
IGF2R	ENSG00000197081.16	ENST00000356956.6	IGF2R	HGNC:5467	IGF2R	3482	cpsr
IKZF1	ENSG00000185811.20	ENST00000331340.8	IKZF1	HGNC:13176	IKZF1	10320	cpsr
IKZF3	ENSG00000161405.17	ENST00000346872.8	IKZF3	HGNC:13178	IKZF3	22806	cpsr
IRF4	ENSG00000137265.15	ENST00000380956.9	IRF4	HGNC:6119	IRF4	3662	cpsr
ITK	ENSG00000113263.13	ENST00000422843.8	ITK	HGNC:6171	ITK	3702	cpsr
JAK1	ENSG00000162434.13	ENST00000342505.5	JAK1	HGNC:6190	JAK1	3716	cpsr
JAK2	ENSG00000096968.14	ENST00000381652.4	JAK2	HGNC:6192	JAK2	3717	cpsr
JAK3	ENSG00000105639.20	ENST00000458235.7	JAK3	HGNC:6193	JAK3	3718	cpsr
JMJD1C	ENSG00000171988.20	ENST00000399262.7	JMJD1C	HGNC:12313	JMJD1C	221037	cpsr
KCNQ1	ENSG00000053918.18	ENST00000155840.12	KCNQ1	HGNC:6294	KCNQ1	3784	cpsr
KCNQ1OT1	ENSG00000269821.1	ENST00000597346.1	KCNQ1OT1	HGNC:6295	KCNQ1OT1	10984	cpsr
KDM3B	ENSG00000120733.14	ENST00000314358.10	KDM3B	HGNC:1337	KDM3B	51780	cpsr
KDR	ENSG00000128052.10	ENST00000263923.5	KDR	HGNC:6307	KDR	3791	cpsr
KIF1B	ENSG00000054523.19	ENST00000676179.1	KIF1B	HGNC:16636	KIF1B	23095	cpsr
KISS1R	ENSG00000116014.10	ENST00000234371.10	KISS1R	HGNC:4510	KISS1R	84634	cpsr
KIT	ENSG00000157404.17	ENST00000288135.6	KIT	HGNC:6342	KIT	3815	cpsr
KITLG	ENSG00000049130.16	ENST00000644744.1	KITLG	HGNC:6343	KITLG	4254	cpsr
KLF6	ENSG00000067082.15	ENST00000497571.6	KLF6	HGNC:2235	KLF6	1316	cpsr
KLLN	ENSG00000227268.5	ENST00000445946.5	KLLN	HGNC:37212	KLLN	100144748	cpsr
KMT2D	ENSG00000167548.18	ENST00000301067.12	KMT2D	HGNC:7133	KMT2D	8085	cpsr
KRAS	ENSG00000133703.14	ENST00000311936.8	KRAS	HGNC:6407	KRAS	3845	cpsr
KRT17	ENSG00000128422.18	ENST00000311208.13	KRT17	HGNC:6427	KRT17	3872	cpsr
L2HGDH	ENSG00000087299.12	ENST00000267436.9	L2HGDH	HGNC:20499	L2HGDH	79944	cpsr
LCK	ENSG00000182866.17	ENST00000336890.10	LCK	HGNC:6524	LCK	3932	cpsr
LEF1	ENSG00000138795.10	ENST00000265165.6	LEF1	HGNC:6551	LEF1	51176	cpsr
LEMD3	ENSG00000174106.3	ENST00000308330.3	LEMD3	HGNC:28887	LEMD3	23592	cpsr
LIG4	ENSG00000174405.15	ENST00000442234.6	LIG4	HGNC:6601	LIG4	3981	cpsr
LMO1	ENSG00000166407.14	ENST00000335790.8	LMO1	HGNC:6641	LMO1	4004	cpsr
LRIG3	ENSG00000139263.12	ENST00000320743.8	LRIG3	HGNC:30991	LRIG3	121227	cpsr
LZTR1	ENSG00000099949.21	ENST00000646124.2	LZTR1	HGNC:6742	LZTR1	8216	cpsr
MAD2L2	ENSG00000116670.15	ENST00000376692.9	MAD2L2	HGNC:6764	MAD2L2	10459	cpsr
MAF	ENSG00000178573.7	ENST00000326043.5	MAF	HGNC:6776	MAF	4094	cpsr
MAFB	ENSG00000204103.4	ENST00000373313.3	MAFB	HGNC:6408	MAFB	9935	cpsr
MAP2K1	ENSG00000169032.11	ENST00000307102.10	MAP2K1	HGNC:6840	MAP2K1	5604	cpsr
MAP2K2	ENSG00000126934.15	ENST00000262948.10	MAP2K2	HGNC:6842	MAP2K2	5605	cpsr
MAP2K4	ENSG00000065559.15	ENST00000353533.10	MAP2K4	HGNC:6844	MAP2K4	6416	cpsr
MAP3K1	ENSG00000095015.6	ENST00000399503.4	MAP3K1	HGNC:6848	MAP3K1	4214	cpsr
MAX	ENSG00000125952.20	ENST00000358664.9	MAX	HGNC:6913	MAX	4149	cpsr
MBD4	ENSG00000129071.10	ENST00000429544.7	MBD4	HGNC:6919	MBD4	8930	cpsr
MC1R	ENSG00000258839.4	ENST00000555147.2	MC1R	HGNC:6929	MC1R	4157	cpsr
MDH2	ENSG00000146701.12	ENST00000315758.10	MDH2	HGNC:6971	MDH2	4191	cpsr
MEN1	ENSG00000133895.18	ENST00000450708.7	MEN1	HGNC:7010	MEN1	4221	cpsr
MET	ENSG00000105976.16	ENST00000397752.8	MET	HGNC:7029	MET	4233	cpsr
MINPP1	ENSG00000107789.16	ENST00000371996.9	MINPP1	HGNC:7102	MINPP1	9562	cpsr
MITF	ENSG00000187098.18	ENST00000352241.9	MITF	HGNC:7105	MITF	4286	cpsr
MLH1	ENSG00000076242.16	ENST00000231790.8	MLH1	HGNC:7127	MLH1	4292	cpsr
MLH3	ENSG00000119684.16	ENST00000355774.7	MLH3	HGNC:7128	MLH3	27030	cpsr
MN1	ENSG00000169184.6	ENST00000302326.5	MN1	HGNC:7180	MN1	4330	cpsr
MPL	ENSG00000117400.18	ENST00000372470.9	MPL	HGNC:7217	MPL	4352	cpsr
MRE11	ENSG00000020922.13	ENST00000323929.8	MRE11	HGNC:7230	MRE11	4361	cpsr
MSH2	ENSG00000095002.15	ENST00000233146.7	MSH2	HGNC:7325	MSH2	4436	cpsr
MSH3	ENSG00000113318.11	ENST00000265081.7	MSH3	HGNC:7326	MSH3	4437	cpsr
MSH5	ENSG00000204410.16	ENST00000375750.9	MSH5	HGNC:7328	MSH5	4439	cpsr
MSH6	ENSG00000116062.18	ENST00000234420.11	MSH6	HGNC:7329	MSH6	2956	cpsr
MSR1	ENSG00000038945.15	ENST00000262101.10	MSR1	HGNC:7376	MSR1	4481	cpsr
MTAP	ENSG00000099810.21	ENST00000644715.2	MTAP	HGNC:7413	MTAP	4507	cpsr
MUC1	ENSG00000185499.17	ENST00000620103.4	MUC1	HGNC:7508	MUC1	4582	cpsr
MUC5B	ENSG00000117983.17	ENST00000529681.5	MUC5B	HGNC:7516	MUC5B	727897	cpsr
MUTYH	ENSG00000132781.20	ENST00000456914.7	MUTYH	HGNC:7527	MUTYH	4595	cpsr
MYCN	ENSG00000134323.12	ENST00000281043.4	MYCN	HGNC:7559	MYCN	4613	cpsr
NAF1	ENSG00000145414.9	ENST00000274054.3	NAF1	HGNC:25126	NAF1	92345	cpsr
NBN	ENSG00000104320.14	ENST00000265433.8	NBN	HGNC:7652	NBN	4683	cpsr
NCOA4	ENSG00000266412.6	ENST00000581486.6	NCOA4	HGNC:7671	NCOA4	8031	cpsr
NDRG1	ENSG00000104419.17	ENST00000323851.13	NDRG1	HGNC:7679	NDRG1	10397	cpsr
NDUFA13	ENSG00000186010.19	ENST00000507754.9	NDUFA13	HGNC:17194	NDUFA13	51079	cpsr
NF1	ENSG00000196712.19	ENST00000358273.9	NF1	HGNC:7765	NF1	4763	cpsr
NF2	ENSG00000186575.19	ENST00000338641.10	NF2	HGNC:7773	NF2	4771	cpsr
NFIX	ENSG00000008441.19	ENST00000592199.6	NFIX	HGNC:7788	NFIX	4784	cpsr
NHP2	ENSG00000145912.9	ENST00000274606.8	NHP2	HGNC:14377	NHP2	55651	cpsr
NKX2-1	ENSG00000136352.20	ENST00000354822.7	NKX2-1	HGNC:11825	NKX2-1	7080	cpsr
NOP10	ENSG00000182117.6	ENST00000328848.6	NOP10	HGNC:14378	NOP10	55505	cpsr
NOTCH1	ENSG00000148400.13	ENST00000651671.1	NOTCH1	HGNC:7881	NOTCH1	4851	cpsr
NOTCH3	ENSG00000074181.9	ENST00000263388.7	NOTCH3	HGNC:7883	NOTCH3	4854	cpsr
NR4A3	ENSG00000119508.18	ENST00000395097.7	NR4A3	HGNC:7982	NR4A3	8013	cpsr
NRAS	ENSG00000213281.5	ENST00000369535.5	NRAS	HGNC:7989	NRAS	4893	cpsr
NSD1	ENSG00000165671.22	ENST00000439151.7	NSD1	HGNC:14234	NSD1	64324	cpsr
NTHL1	ENSG00000065057.9	ENST00000651570.2	NTHL1	HGNC:8028	NTHL1	4913	cpsr
NTRK1	ENSG00000198400.13	ENST00000524377.7	NTRK1	HGNC:8031	NTRK1	4914	cpsr
NTRK3	ENSG00000140538.16	ENST00000394480.6	NTRK3	HGNC:8033	NTRK3	4916	cpsr
NYNRIN	ENSG00000205978.6	ENST00000382554.4	NYNRIN	HGNC:20165	NYNRIN	57523	cpsr
OGG1	ENSG00000114026.22	ENST00000344629.12	OGG1	HGNC:8125	OGG1	4968	cpsr
PALB2	ENSG00000083093.10	ENST00000261584.9	PALB2	HGNC:26144	PALB2	79728	cpsr
PARN	ENSG00000140694.17	ENST00000437198.7	PARN	HGNC:8609	PARN	5073	cpsr
PAX3	ENSG00000135903.20	ENST00000392070.7	PAX3	HGNC:8617	PAX3	5077	cpsr
PAX5	ENSG00000196092.14	ENST00000358127.9	PAX5	HGNC:8619	PAX5	5079	cpsr
PAX6	ENSG00000007372.25	ENST00000640368.2	PAX6	HGNC:8620	PAX6	5080	cpsr
PAX7	ENSG00000009709.12	ENST00000420770.7	PAX7	HGNC:8621	PAX7	5081	cpsr
PBRM1	ENSG00000163939.18	ENST00000296302.11	PBRM1	HGNC:30064	PBRM1	55193	cpsr
PDGFRA	ENSG00000134853.12	ENST00000257290.10	PDGFRA	HGNC:8803	PDGFRA	5156	cpsr
PDGFRB	ENSG00000113721.14	ENST00000261799.9	PDGFRB	HGNC:8804	PDGFRB	5159	cpsr
PHF6	ENSG00000156531.18	ENST00000370803.8	PHF6	HGNC:18145	PHF6	84295	cpsr
PHOX2B	ENSG00000109132.7	ENST00000226382.4	PHOX2B	HGNC:9143	PHOX2B	8929	cpsr
PIK3CA	ENSG00000121879.6	ENST00000263967.4	PIK3CA	HGNC:8975	PIK3CA	5290	cpsr
PINK1	ENSG00000158828.8	ENST00000321556.5	PINK1	HGNC:14581	PINK1	65018	cpsr
PML	ENSG00000140464.20	ENST00000268058.8	PML	HGNC:9113	PML	5371	cpsr
PMS1	ENSG00000064933.19	ENST00000441310.7	PMS1	HGNC:9121	PMS1	5378	cpsr
PMS2	ENSG00000122512.16	ENST00000265849.12	PMS2	HGNC:9122	PMS2	5395	cpsr
POLA1	ENSG00000101868.13	ENST00000379068.8	POLA1	HGNC:9173	POLA1	5422	cpsr
POLD1	ENSG00000062822.16	ENST00000440232.7	POLD1	HGNC:9175	POLD1	5424	cpsr
POLE	ENSG00000177084.18	ENST00000320574.10	POLE	HGNC:9177	POLE	5426	cpsr
POLH	ENSG00000170734.12	ENST00000372236.9	POLH	HGNC:9181	POLH	5429	cpsr
POLQ	ENSG00000051341.15	ENST00000264233.6	POLQ	HGNC:9186	POLQ	10721	cpsr
PORCN	ENSG00000102312.24	ENST00000326194.11	PORCN	HGNC:17652	PORCN	64840	cpsr
POT1	ENSG00000128513.16	ENST00000357628.8	POT1	HGNC:17284	POT1	25913	cpsr
PPM1D	ENSG00000170836.13	ENST00000305921.8	PPM1D	HGNC:9277	PPM1D	8493	cpsr
PPP1CB	ENSG00000213639.10	ENST00000395366.3	PPP1CB	HGNC:9282	PPP1CB	5500	cpsr
PRDM1	ENSG00000057657.17	ENST00000369096.9	PRDM1	HGNC:9346	PRDM1	639	cpsr
PRDM9	ENSG00000164256.11	ENST00000296682.4	PRDM9	HGNC:13994	PRDM9	56979	cpsr
PRF1	ENSG00000180644.8	ENST00000441259.2	PRF1	HGNC:9360	PRF1	5551	cpsr
PRKAR1A	ENSG00000108946.16	ENST00000589228.6	PRKAR1A	HGNC:9388	PRKAR1A	5573	cpsr
PRKN	ENSG00000185345.24	ENST00000366898.6	PRKN	HGNC:8607	PRKN	5071	cpsr
PRSS1	ENSG00000204983.15	ENST00000311737.12	PRSS1	HGNC:9475	PRSS1	5644	cpsr
PTCH1	ENSG00000185920.18	ENST00000331920.11	PTCH1	HGNC:9585	PTCH1	5727	cpsr
PTCH2	ENSG00000117425.14	ENST00000372192.4	PTCH2	HGNC:9586	PTCH2	8643	cpsr
PTCSC3	ENSG00000259104.2	ENST00000556013.2	PTCSC3	HGNC:43959	PTCSC3	100886964	cpsr
PTEN	ENSG00000171862.12	ENST00000371953.8	PTEN	HGNC:9588	PTEN	5728	cpsr
PTPN11	ENSG00000179295.19	ENST00000351677.7	PTPN11	HGNC:9644	PTPN11	5781	cpsr
PTPN12	ENSG00000127947.16	ENST00000248594.11	PTPN12	HGNC:9645	PTPN12	5782	cpsr
PTPN13	ENSG00000163629.13	ENST00000411767.7	PTPN13	HGNC:9646	PTPN13	5783	cpsr
PTPRJ	ENSG00000149177.14	ENST00000418331.7	PTPRJ	HGNC:9673	PTPRJ	5795	cpsr
RABL3	ENSG00000144840.10	ENST00000273375.8	RABL3	HGNC:18072	RABL3	285282	cpsr
RAD50	ENSG00000113522.14	ENST00000378823.8	RAD50	HGNC:9816	RAD50	10111	cpsr
RAD51	ENSG00000051180.17	ENST00000267868.8	RAD51	HGNC:9817	RAD51	5888	cpsr
RAD51B	ENSG00000182185.19	ENST00000471583.6	RAD51B	HGNC:9822	RAD51B	5890	cpsr
RAD51C	ENSG00000108384.15	ENST00000337432.9	RAD51C	HGNC:9820	RAD51C	5889	cpsr
RAD51D	ENSG00000185379.21	ENST00000345365.11	RAD51D	HGNC:9823	RAD51D	5892	cpsr
RAD54L	ENSG00000085999.13	ENST00000371975.9	RAD54L	HGNC:9826	RAD54L	8438	cpsr
RAF1	ENSG00000132155.14	ENST00000442415.7	RAF1	HGNC:9829	RAF1	5894	cpsr
RASA1	ENSG00000145715.15	ENST00000274376.11	RASA1	HGNC:9871	RASA1	5921	cpsr
RB1	ENSG00000139687.16	ENST00000267163.6	RB1	HGNC:9884	RB1	5925	cpsr
RCC2	ENSG00000179051.14	ENST00000375436.9	RCC2	HGNC:30297	RCC2	55920	cpsr
RECQL	ENSG00000004700.16	ENST00000444129.7	RECQL	HGNC:9948	RECQL	5965	cpsr
RECQL4	ENSG00000160957.15	ENST00000617875.6	RECQL4	HGNC:9949	RECQL4	9401	cpsr
REST	ENSG00000084093.19	ENST00000309042.12	REST	HGNC:9966	REST	5978	cpsr
RET	ENSG00000165731.21	ENST00000355710.8	RET	HGNC:9967	RET	5979	cpsr
RFWD3	ENSG00000168411.14	ENST00000361070.9	RFWD3	HGNC:25539	RFWD3	55159	cpsr
RHBDF2	ENSG00000129667.13	ENST00000675367.1	RHBDF2	HGNC:20788	RHBDF2	79651	cpsr
RING1	ENSG00000204227.5	ENST00000374656.5	RING1	HGNC:10018	RING1	6015	cpsr
RINT1	ENSG00000135249.8	ENST00000257700.7	RINT1	HGNC:21876	RINT1	60561	cpsr
RIT1	ENSG00000143622.11	ENST00000368323.8	RIT1	HGNC:10023	RIT1	6016	cpsr
RMRP	ENSG00000277027.1	ENST00000363046.1	RMRP	HGNC:10031	RMRP	6023	cpsr
RNASEL	ENSG00000135828.11	ENST00000367559.7	RNASEL	HGNC:10050	RNASEL	6041	cpsr
RNF43	ENSG00000108375.13	ENST00000407977.7	RNF43	HGNC:18505	RNF43	54894	cpsr
ROS1	ENSG00000047936.11	ENST00000368507.8	ROS1	HGNC:10261	ROS1	6098	cpsr
RPL11	ENSG00000142676.14	ENST00000643754.2	RPL11	HGNC:10301	RPL11	6135	cpsr
RPL15	ENSG00000174748.22	ENST00000307839.10	RPL15	HGNC:10306	RPL15	6138	cpsr
RPL23	ENSG00000125691.14	ENST00000479035.7	RPL23	HGNC:10316	RPL23	9349	cpsr
RPL26	ENSG00000161970.15	ENST00000648839.1	RPL26	HGNC:10327	RPL26	6154	cpsr
RPL27	ENSG00000131469.15	ENST00000253788.12	RPL27	HGNC:10328	RPL27	6155	cpsr
RPL31	ENSG00000071082.11	ENST00000264258.8	RPL31	HGNC:10334	RPL31	6160	cpsr
RPL35A	ENSG00000182899.17	ENST00000647248.2	RPL35A	HGNC:10345	RPL35A	6165	cpsr
RPL36	ENSG00000130255.13	ENST00000347512.8	RPL36	HGNC:13631	RPL36	25873	cpsr
RPL5	ENSG00000122406.14	ENST00000370321.8	RPL5	HGNC:10360	RPL5	6125	cpsr
RPS10	ENSG00000124614.16	ENST00000648437.1	RPS10	HGNC:10383	RPS10	6204	cpsr
RPS15	ENSG00000115268.10	ENST00000592588.7	RPS15	HGNC:10388	RPS15	6209	cpsr
RPS17	ENSG00000182774.13	ENST00000647841.1	RPS17	HGNC:10397	RPS17	6218	cpsr
RPS19	ENSG00000105372.8	ENST00000598742.6	RPS19	HGNC:10402	RPS19	6223	cpsr
RPS24	ENSG00000138326.21	ENST00000372360.9	RPS24	HGNC:10411	RPS24	6229	cpsr
RPS26	ENSG00000197728.11	ENST00000646449.2	RPS26	HGNC:10414	RPS26	6231	cpsr
RPS27	ENSG00000177954.14	ENST00000651669.1	RPS27	HGNC:10416	RPS27	6232	cpsr
RPS27A	ENSG00000143947.15	ENST00000272317.11	RPS27A	HGNC:10417	RPS27A	6233	cpsr
RPS28	ENSG00000233927.5	ENST00000600659.3	RPS28	HGNC:10418	RPS28	6234	cpsr
RPS29	ENSG00000213741.11	ENST00000245458.11	RPS29	HGNC:10419	RPS29	6235	cpsr
RPS7	ENSG00000171863.15	ENST00000645674.2	RPS7	HGNC:10440	RPS7	6201	cpsr
RRAS2	ENSG00000133818.14	ENST00000256196.9	RRAS2	HGNC:17271	RRAS2	22800	cpsr
RTEL1	ENSG00000258366.11	ENST00000360203.11	RTEL1	HGNC:15888	RTEL1	51750	cpsr
RUNX1	ENSG00000159216.19	ENST00000675419.1	RUNX1	HGNC:10471	RUNX1	861	cpsr
SAMD9	ENSG00000205413.8	ENST00000379958.3	SAMD9	HGNC:1348	SAMD9	54809	cpsr
SAMD9L	ENSG00000177409.12	ENST00000318238.9	SAMD9L	HGNC:1349	SAMD9L	219285	cpsr
SASH1	ENSG00000111961.19	ENST00000367467.8	SASH1	HGNC:19182	SASH1	23328	cpsr
SBDS	ENSG00000126524.11	ENST00000246868.7	SBDS	HGNC:19440	SBDS	51119	cpsr
SCG5	ENSG00000166922.9	ENST00000300175.9	SCG5	HGNC:10816	SCG5	6447	cpsr
SDHA	ENSG00000073578.18	ENST00000264932.11	SDHA	HGNC:10680	SDHA	6389	cpsr
SDHAF2	ENSG00000167985.7	ENST00000301761.7	SDHAF2	HGNC:26034	SDHAF2	54949	cpsr
SDHB	ENSG00000117118.10	ENST00000375499.8	SDHB	HGNC:10681	SDHB	6390	cpsr
SDHC	ENSG00000143252.16	ENST00000367975.7	SDHC	HGNC:10682	SDHC	6391	cpsr
SDHD	ENSG00000204370.13	ENST00000375549.8	SDHD	HGNC:10683	SDHD	6392	cpsr
SEC23B	ENSG00000101310.17	ENST00000650089.1	SEC23B	HGNC:10702	SEC23B	10483	cpsr
SEMA4A	ENSG00000196189.14	ENST00000368285.8	SEMA4A	HGNC:10729	SEMA4A	64218	cpsr
SERPINA1	ENSG00000197249.14	ENST00000393087.9	SERPINA1	HGNC:8941	SERPINA1	5265	cpsr
SETBP1	ENSG00000152217.20	ENST00000649279.2	SETBP1	HGNC:15573	SETBP1	26040	cpsr
SETMAR	ENSG00000170364.13	ENST00000358065.5	SETMAR	HGNC:10762	SETMAR	6419	cpsr
SFTPA1	ENSG00000122852.15	ENST00000398636.8	SFTPA1	HGNC:10798	SFTPA1	653509	cpsr
SFTPA2	ENSG00000185303.17	ENST00000372325.7	SFTPA2	HGNC:10799	SFTPA2	729238	cpsr
SH2B3	ENSG00000111252.11	ENST00000341259.7	SH2B3	HGNC:29605	SH2B3	10019	cpsr
SH2D1A	ENSG00000183918.17	ENST00000371139.9	SH2D1A	HGNC:10820	SH2D1A	4068	cpsr
SHOC2	ENSG00000108061.13	ENST00000369452.9	SHOC2	HGNC:15454	SHOC2	8036	cpsr
SIX1	ENSG00000126778.12	ENST00000645694.3	SIX1	HGNC:10887	SIX1	6495	cpsr
SLC25A13	ENSG00000004864.14	ENST00000265631.10	SLC25A13	HGNC:10983	SLC25A13	10165	cpsr
SLC26A3	ENSG00000091138.13	ENST00000340010.10	SLC26A3	HGNC:3018	SLC26A3	1811	cpsr
SLC5A5	ENSG00000105641.4	ENST00000222248.4	SLC5A5	HGNC:11040	SLC5A5	6528	cpsr
SLX4	ENSG00000188827.11	ENST00000294008.4	SLX4	HGNC:23845	SLX4	84464	cpsr
SMAD4	ENSG00000141646.15	ENST00000342988.8	SMAD4	HGNC:6770	SMAD4	4089	cpsr
SMAD9	ENSG00000120693.14	ENST00000379826.5	SMAD9	HGNC:6774	SMAD9	4093	cpsr
SMARCA2	ENSG00000080503.24	ENST00000349721.8	SMARCA2	HGNC:11098	SMARCA2	6595	cpsr
SMARCA4	ENSG00000127616.20	ENST00000344626.10	SMARCA4	HGNC:11100	SMARCA4	6597	cpsr
SMARCB1	ENSG00000099956.20	ENST00000644036.2	SMARCB1	HGNC:11103	SMARCB1	6598	cpsr
SMARCE1	ENSG00000073584.20	ENST00000348513.12	SMARCE1	HGNC:11109	SMARCE1	6605	cpsr
SMO	ENSG00000128602.11	ENST00000249373.8	SMO	HGNC:11119	SMO	6608	cpsr
SOCS1	ENSG00000185338.7	ENST00000332029.4	SOCS1	HGNC:19383	SOCS1	8651	cpsr
SOS1	ENSG00000115904.15	ENST00000402219.8	SOS1	HGNC:11187	SOS1	6654	cpsr
SOS2	ENSG00000100485.12	ENST00000216373.10	SOS2	HGNC:11188	SOS2	6655	cpsr
SPINK1	ENSG00000164266.11	ENST00000296695.10	SPINK1	HGNC:11244	SPINK1	6690	cpsr
SPOP	ENSG00000121067.19	ENST00000504102.6	SPOP	HGNC:11254	SPOP	8405	cpsr
SPRED1	ENSG00000166068.13	ENST00000299084.9	SPRED1	HGNC:20249	SPRED1	161742	cpsr
SPRTN	ENSG00000010072.16	ENST00000295050.12	SPRTN	HGNC:25356	SPRTN	83932	cpsr
SQSTM1	ENSG00000161011.20	ENST00000389805.9	SQSTM1	HGNC:11280	SQSTM1	8878	cpsr
SRC	ENSG00000197122.13	ENST00000373578.7	SRC	HGNC:11283	SRC	6714	cpsr
SRGAP1	ENSG00000196935.9	ENST00000355086.8	SRGAP1	HGNC:17382	SRGAP1	57522	cpsr
SRP72	ENSG00000174780.17	ENST00000642900.1	SRP72	HGNC:11303	SRP72	6731	cpsr
SRRM2	ENSG00000167978.17	ENST00000301740.13	SRRM2	HGNC:16639	SRRM2	23524	cpsr
SRY	ENSG00000184895.8	ENST00000383070.2	SRY	HGNC:11311	SRY	6736	cpsr
STAT3	ENSG00000168610.16	ENST00000264657.10	STAT3	HGNC:11364	STAT3	6774	cpsr
STK11	ENSG00000118046.17	ENST00000326873.12	STK11	HGNC:11389	STK11	6794	cpsr
STN1	ENSG00000107960.11	ENST00000224950.8	STN1	HGNC:26200	STN1	79991	cpsr
STX11	ENSG00000135604.10	ENST00000367568.5	STX11	HGNC:11429	STX11	8676	cpsr
STXBP2	ENSG00000076944.17	ENST00000221283.10	STXBP2	HGNC:11445	STXBP2	6813	cpsr
SUFU	ENSG00000107882.12	ENST00000369902.8	SUFU	HGNC:16466	SUFU	51684	cpsr
SYK	ENSG00000165025.15	ENST00000375754.9	SYK	HGNC:11491	SYK	6850	cpsr
TBXT	ENSG00000164458.10	ENST00000366876.7	TBXT	HGNC:11515	TBXT	6862	cpsr
TCF7L2	ENSG00000148737.17	ENST00000627217.3	TCF7L2	HGNC:11641	TCF7L2	6934	cpsr
TERC	ENSG00000270141.3	ENST00000602385.1	TERC	HGNC:11727	TERC	7012	cpsr
TERF2IP	ENSG00000166848.7	ENST00000300086.5	TERF2IP	HGNC:19246	TERF2IP	54386	cpsr
TERT	ENSG00000164362.21	ENST00000310581.10	TERT	HGNC:11730	TERT	7015	cpsr
TET2	ENSG00000168769.14	ENST00000380013.9	TET2	HGNC:25941	TET2	54790	cpsr
TFAP2A	ENSG00000137203.15	ENST00000379613.10	TFAP2A	HGNC:11742	TFAP2A	7020	cpsr
TFE3	ENSG00000068323.17	ENST00000315869.8	TFE3	HGNC:11752	TFE3	7030	cpsr
TG	ENSG00000042832.12	ENST00000220616.9	TG	HGNC:11764	TG	7038	cpsr
TGFBR1	ENSG00000106799.13	ENST00000374994.9	TGFBR1	HGNC:11772	TGFBR1	7046	cpsr
TGFBR2	ENSG00000163513.19	ENST00000295754.10	TGFBR2	HGNC:11773	TGFBR2	7048	cpsr
TINF2	ENSG00000092330.18	ENST00000267415.12	TINF2	HGNC:11824	TINF2	26277	cpsr
TMC6	ENSG00000141524.17	ENST00000590602.6	TMC6	HGNC:18021	TMC6	11322	cpsr
TMC8	ENSG00000167895.15	ENST00000318430.10	TMC8	HGNC:20474	TMC8	147138	cpsr
TMEM127	ENSG00000135956.9	ENST00000258439.8	TMEM127	HGNC:26038	TMEM127	55654	cpsr
TNFAIP3	ENSG00000118503.16	ENST00000612899.5	TNFAIP3	HGNC:11896	TNFAIP3	7128	cpsr
TNFRSF11A	ENSG00000141655.17	ENST00000586569.3	TNFRSF11A	HGNC:11908	TNFRSF11A	8792	cpsr
TP53	ENSG00000141510.18	ENST00000269305.9	TP53	HGNC:11998	TP53	7157	cpsr
TP63	ENSG00000073282.14	ENST00000264731.8	TP63	HGNC:15979	TP63	8626	cpsr
TRIM24	ENSG00000122779.18	ENST00000343526.9	TRIM24	HGNC:11812	TRIM24	8805	cpsr
TRIM28	ENSG00000130726.12	ENST00000253024.10	TRIM28	HGNC:16384	TRIM28	10155	cpsr
TRIM37	ENSG00000108395.14	ENST00000262294.12	TRIM37	HGNC:7523	TRIM37	4591	cpsr
TRIP13	ENSG00000071539.14	ENST00000166345.8	TRIP13	HGNC:12307	TRIP13	9319	cpsr
TSC1	ENSG00000165699.15	ENST00000298552.9	TSC1	HGNC:12362	TSC1	7248	cpsr
TSC2	ENSG00000103197.18	ENST00000219476.9	TSC2	HGNC:12363	TSC2	7249	cpsr
TSHR	ENSG00000165409.18	ENST00000298171.7	TSHR	HGNC:12373	TSHR	7253	cpsr
TSR2	ENSG00000158526.8	ENST00000375151.5	TSR2	HGNC:25455	TSR2	90121	cpsr
TYK2	ENSG00000105397.14	ENST00000525621.6	TYK2	HGNC:12440	TYK2	7297	cpsr
UBE2T	ENSG00000077152.11	ENST00000646651.1	UBE2T	HGNC:25009	UBE2T	29089	cpsr
UNC13D	ENSG00000092929.12	ENST00000207549.9	UNC13D	HGNC:23147	UNC13D	201294	cpsr
UROD	ENSG00000126088.14	ENST00000246337.9	UROD	HGNC:12591	UROD	7389	cpsr
VANGL1	ENSG00000173218.15	ENST00000355485.7	VANGL1	HGNC:15512	VANGL1	81839	cpsr
VDR	ENSG00000111424.12	ENST00000549336.6	VDR	HGNC:12679	VDR	7421	cpsr
VHL	ENSG00000134086.8	ENST00000256474.3	VHL	HGNC:12687	VHL	7428	cpsr
VTRNA2-1	ENSG00000270123.4	ENST00000602301.2	VTRNA2-1	HGNC:37054	VTRNA2-1	100126299	cpsr
WAS	ENSG00000015285.11	ENST00000376701.5	WAS	HGNC:12731	WAS	7454	cpsr
WIF1	ENSG00000156076.10	ENST00000286574.9	WIF1	HGNC:18081	WIF1	11197	cpsr
WRAP53	ENSG00000141499.17	ENST00000396463.7	WRAP53	HGNC:25522	WRAP53	55135	cpsr
WRN	ENSG00000165392.11	ENST00000298139.7	WRN	HGNC:12791	WRN	7486	cpsr
WT1	ENSG00000184937.16	ENST00000452863.10	WT1	HGNC:12796	WT1	7490	cpsr
XPA	ENSG00000136936.11	ENST00000375128.5	XPA	HGNC:12814	XPA	7507	cpsr
XPC	ENSG00000154767.15	ENST00000285021.12	XPC	HGNC:12816	XPC	7508	cpsr
XRCC2	ENSG00000196584.3	ENST00000359321.2	XRCC2	HGNC:12829	XRCC2	7516	cpsr
XRCC3	ENSG00000126215.14	ENST00000555055.6	XRCC3	HGNC:12830	XRCC3	7517	cpsr
ZBTB16	ENSG00000109906.15	ENST00000335953.9	ZBTB16	HGNC:12930	ZBTB16	7704	cpsr
NA	NA	NA	PTCSC1	HGNC:37127	PTCSC1	100302522	cpsr
AIP	ENSG00000110711.11	ENST00000279146.8	AIP	HGNC:358	AIP	9049	pmcc_fcc_panel
APC	ENSG00000134982.17	ENST00000257430.9	APC	HGNC:583	APC	324	pmcc_fcc_panel
ATM	ENSG00000149311.20	ENST00000675843.1	ATM	HGNC:795	ATM	472	pmcc_fcc_panel
ATR	ENSG00000175054.16	ENST00000350721.9	ATR	HGNC:882	ATR	545	pmcc_fcc_panel
AXIN2	ENSG00000168646.14	ENST00000307078.10	AXIN2	HGNC:904	AXIN2	8313	pmcc_fcc_panel
BAP1	ENSG00000163930.10	ENST00000460680.6	BAP1	HGNC:950	BAP1	8314	pmcc_fcc_panel
BMPR1A	ENSG00000107779.14	ENST00000372037.8	BMPR1A	HGNC:1076	BMPR1A	657	pmcc_fcc_panel
BRCA1	ENSG00000012048.23	ENST00000357654.9	BRCA1	HGNC:1100	BRCA1	672	pmcc_fcc_panel
BRCA2	ENSG00000139618.17	ENST00000380152.8	BRCA2	HGNC:1101	BRCA2	675	pmcc_fcc_panel
BRIP1	ENSG00000136492.10	ENST00000259008.7	BRIP1	HGNC:20473	BRIP1	83990	pmcc_fcc_panel
BUB1B	ENSG00000156970.13	ENST00000287598.11	BUB1B	HGNC:1149	BUB1B	701	pmcc_fcc_panel
CDC73	ENSG00000134371.14	ENST00000367435.5	CDC73	HGNC:16783	CDC73	79577	pmcc_fcc_panel
CDH1	ENSG00000039068.20	ENST00000261769.10	CDH1	HGNC:1748	CDH1	999	pmcc_fcc_panel
CDK4	ENSG00000135446.17	ENST00000257904.11	CDK4	HGNC:1773	CDK4	1019	pmcc_fcc_panel
CDKN1B	ENSG00000111276.12	ENST00000228872.9	CDKN1B	HGNC:1785	CDKN1B	1027	pmcc_fcc_panel
CDKN2A	ENSG00000147889.18	ENST00000304494.10	CDKN2A	HGNC:1787	CDKN2A	1029	pmcc_fcc_panel
CHEK2	ENSG00000183765.23	ENST00000404276.6	CHEK2	HGNC:16627	CHEK2	11200	pmcc_fcc_panel
CSDE1	ENSG00000009307.17	ENST00000358528.9	CSDE1	HGNC:29905	CSDE1	7812	pmcc_fcc_panel
DICER1	ENSG00000100697.15	ENST00000343455.8	DICER1	HGNC:17098	DICER1	23405	pmcc_fcc_panel
EGLN1	ENSG00000135766.9	ENST00000366641.4	EGLN1	HGNC:1232	EGLN1	54583	pmcc_fcc_panel
EGLN2	ENSG00000269858.6	ENST00000303961.9	EGLN2	HGNC:14660	EGLN2	112398	pmcc_fcc_panel
EPAS1	ENSG00000116016.14	ENST00000263734.5	EPAS1	HGNC:3374	EPAS1	2034	pmcc_fcc_panel
EPCAM	ENSG00000119888.11	ENST00000263735.9	EPCAM	HGNC:11529	EPCAM	4072	pmcc_fcc_panel
EXT1	ENSG00000182197.13	ENST00000378204.7	EXT1	HGNC:3512	EXT1	2131	pmcc_fcc_panel
EXT2	ENSG00000151348.16	ENST00000533608.7	EXT2	HGNC:3513	EXT2	2132	pmcc_fcc_panel
FH	ENSG00000091483.8	ENST00000366560.4	FH	HGNC:3700	FH	2271	pmcc_fcc_panel
FLCN	ENSG00000154803.13	ENST00000285071.9	FLCN	HGNC:27310	FLCN	201163	pmcc_fcc_panel
GATA2	ENSG00000179348.12	ENST00000341105.7	GATA2	HGNC:4171	GATA2	2624	pmcc_fcc_panel
GREM1	ENSG00000166923.12	ENST00000651154.1	GREM1	HGNC:2001	GREM1	26585	pmcc_fcc_panel
HOXB13	ENSG00000159184.8	ENST00000290295.8	HOXB13	HGNC:5112	HOXB13	10481	pmcc_fcc_panel
IDH1	ENSG00000138413.14	ENST00000345146.7	IDH1	HGNC:5382	IDH1	3417	pmcc_fcc_panel
KIF1B	ENSG00000054523.19	ENST00000676179.1	KIF1B	HGNC:16636	KIF1B	23095	pmcc_fcc_panel
MAX	ENSG00000125952.20	ENST00000358664.9	MAX	HGNC:6913	MAX	4149	pmcc_fcc_panel
MDH2	ENSG00000146701.12	ENST00000315758.10	MDH2	HGNC:6971	MDH2	4191	pmcc_fcc_panel
MEN1	ENSG00000133895.18	ENST00000450708.7	MEN1	HGNC:7010	MEN1	4221	pmcc_fcc_panel
MET	ENSG00000105976.16	ENST00000397752.8	MET	HGNC:7029	MET	4233	pmcc_fcc_panel
MLH1	ENSG00000076242.16	ENST00000231790.8	MLH1	HGNC:7127	MLH1	4292	pmcc_fcc_panel
MSH2	ENSG00000095002.15	ENST00000233146.7	MSH2	HGNC:7325	MSH2	4436	pmcc_fcc_panel
MSH6	ENSG00000116062.18	ENST00000234420.11	MSH6	HGNC:7329	MSH6	2956	pmcc_fcc_panel
MUTYH	ENSG00000132781.20	ENST00000456914.7	MUTYH	HGNC:7527	MUTYH	4595	pmcc_fcc_panel
NF1	ENSG00000196712.19	ENST00000358273.9	NF1	HGNC:7765	NF1	4763	pmcc_fcc_panel
NF2	ENSG00000186575.19	ENST00000338641.10	NF2	HGNC:7773	NF2	4771	pmcc_fcc_panel
NTHL1	ENSG00000065057.9	ENST00000651570.2	NTHL1	HGNC:8028	NTHL1	4913	pmcc_fcc_panel
PALB2	ENSG00000083093.10	ENST00000261584.9	PALB2	HGNC:26144	PALB2	79728	pmcc_fcc_panel
PMS2	ENSG00000122512.16	ENST00000265849.12	PMS2	HGNC:9122	PMS2	5395	pmcc_fcc_panel
POLD1	ENSG00000062822.16	ENST00000440232.7	POLD1	HGNC:9175	POLD1	5424	pmcc_fcc_panel
POLE	ENSG00000177084.18	ENST00000320574.10	POLE	HGNC:9177	POLE	5426	pmcc_fcc_panel
POT1	ENSG00000128513.16	ENST00000357628.8	POT1	HGNC:17284	POT1	25913	pmcc_fcc_panel
PRKAR1A	ENSG00000108946.16	ENST00000589228.6	PRKAR1A	HGNC:9388	PRKAR1A	5573	pmcc_fcc_panel
PTCH1	ENSG00000185920.18	ENST00000331920.11	PTCH1	HGNC:9585	PTCH1	5727	pmcc_fcc_panel
PTEN	ENSG00000171862.12	ENST00000371953.8	PTEN	HGNC:9588	PTEN	5728	pmcc_fcc_panel
RAD51C	ENSG00000108384.15	ENST00000337432.9	RAD51C	HGNC:9820	RAD51C	5889	pmcc_fcc_panel
RAD51D	ENSG00000185379.21	ENST00000345365.11	RAD51D	HGNC:9823	RAD51D	5892	pmcc_fcc_panel
RB1	ENSG00000139687.16	ENST00000267163.6	RB1	HGNC:9884	RB1	5925	pmcc_fcc_panel
RET	ENSG00000165731.21	ENST00000355710.8	RET	HGNC:9967	RET	5979	pmcc_fcc_panel
RUNX1	ENSG00000159216.19	ENST00000675419.1	RUNX1	HGNC:10471	RUNX1	861	pmcc_fcc_panel
SCG5	ENSG00000166922.9	ENST00000300175.9	SCG5	HGNC:10816	SCG5	6447	pmcc_fcc_panel
SDHA	ENSG00000073578.18	ENST00000264932.11	SDHA	HGNC:10680	SDHA	6389	pmcc_fcc_panel
SDHAF2	ENSG00000167985.7	ENST00000301761.7	SDHAF2	HGNC:26034	SDHAF2	54949	pmcc_fcc_panel
SDHB	ENSG00000117118.10	ENST00000375499.8	SDHB	HGNC:10681	SDHB	6390	pmcc_fcc_panel
SDHC	ENSG00000143252.16	ENST00000367975.7	SDHC	HGNC:10682	SDHC	6391	pmcc_fcc_panel
SDHD	ENSG00000204370.13	ENST00000375549.8	SDHD	HGNC:10683	SDHD	6392	pmcc_fcc_panel
SMAD4	ENSG00000141646.15	ENST00000342988.8	SMAD4	HGNC:6770	SMAD4	4089	pmcc_fcc_panel
SMARCA4	ENSG00000127616.20	ENST00000344626.10	SMARCA4	HGNC:11100	SMARCA4	6597	pmcc_fcc_panel
SMARCB1	ENSG00000099956.20	ENST00000644036.2	SMARCB1	HGNC:11103	SMARCB1	6598	pmcc_fcc_panel
SMARCE1	ENSG00000073584.20	ENST00000348513.12	SMARCE1	HGNC:11109	SMARCE1	6605	pmcc_fcc_panel
STK11	ENSG00000118046.17	ENST00000326873.12	STK11	HGNC:11389	STK11	6794	pmcc_fcc_panel
SUFU	ENSG00000107882.12	ENST00000369902.8	SUFU	HGNC:16466	SUFU	51684	pmcc_fcc_panel
TMEM127	ENSG00000135956.9	ENST00000258439.8	TMEM127	HGNC:26038	TMEM127	55654	pmcc_fcc_panel
TP53	ENSG00000141510.18	ENST00000269305.9	TP53	HGNC:11998	TP53	7157	pmcc_fcc_panel
TSC1	ENSG00000165699.15	ENST00000298552.9	TSC1	HGNC:12362	TSC1	7248	pmcc_fcc_panel
TSC2	ENSG00000103197.18	ENST00000219476.9	TSC2	HGNC:12363	TSC2	7249	pmcc_fcc_panel
VHL	ENSG00000134086.8	ENST00000256474.3	VHL	HGNC:12687	VHL	7428	pmcc_fcc_panel
